{
    "objective_value": 34.0008,
    "events": [
        {
            "operation": 0,
            "time": 0,
            "train": 0
        },
        {
            "operation": 0,
            "time": 0,
            "train": 1
        },
        {
            "operation": 1,
            "time": 0,
            "train": 0
        },
        {
            "operation": 2,
            "time": 5,
            "train": 0
        },
        {
            "operation": 3,
            "time": 10,
            "train": 0
        },
        {
            "operation": 1,
            "time": 14,
            "train": 1
        },
        {
            "operation": 2,
            "time": 19,
            "train": 1
        },
        {
            "operation": 3,
            "time": 24,
            "train": 1
        }
    ]
}