{
    "objective_value": 4071,
    "events": [
        {
            "train": 0,
            "operation": 0,
            "time": 0
        },
        {
            "train": 1,
            "operation": 0,
            "time": 0
        },
        {
            "train": 2,
            "operation": 0,
            "time": 0
        },
        {
            "train": 3,
            "operation": 0,
            "time": 0
        },
        {
            "train": 4,
            "operation": 0,
            "time": 0
        },
        {
            "train": 5,
            "operation": 0,
            "time": 0
        },
        {
            "train": 6,
            "operation": 0,
            "time": 0
        },
        {
            "train": 7,
            "operation": 0,
            "time": 0
        },
        {
            "train": 2,
            "operation": 1,
            "time": 10797
        },
        {
            "train": 3,
            "operation": 1,
            "time": 10902
        },
        {
            "train": 0,
            "operation": 1,
            "time": 10977
        },
        {
            "train": 1,
            "operation": 1,
            "time": 10977
        },
        {
            "train": 4,
            "operation": 1,
            "time": 10977
        },
        {
            "train": 2,
            "operation": 2,
            "time": 11067
        },
        {
            "train": 3,
            "operation": 4,
            "time": 11069
        },
        {
            "train": 4,
            "operation": 2,
            "time": 11073
        },
        {
            "train": 0,
            "operation": 2,
            "time": 11129
        },
        {
            "train": 1,
            "operation": 3,
            "time": 11129
        },
        {
            "train": 0,
            "operation": 3,
            "time": 11169
        },
        {
            "train": 1,
            "operation": 4,
            "time": 11169
        },
        {
            "train": 6,
            "operation": 1,
            "time": 11186
        },
        {
            "train": 0,
            "operation": 4,
            "time": 11237
        },
        {
            "train": 0,
            "operation": 5,
            "time": 11247
        },
        {
            "train": 6,
            "operation": 2,
            "time": 11360
        },
        {
            "train": 6,
            "operation": 3,
            "time": 11370
        },
        {
            "train": 0,
            "operation": 7,
            "time": 11399
        },
        {
            "train": 1,
            "operation": 6,
            "time": 11407
        },
        {
            "train": 0,
            "operation": 8,
            "time": 11439
        },
        {
            "train": 1,
            "operation": 7,
            "time": 11477
        },
        {
            "train": 6,
            "operation": 4,
            "time": 11503
        },
        {
            "train": 6,
            "operation": 6,
            "time": 11513
        },
        {
            "train": 1,
            "operation": 9,
            "time": 11573
        },
        {
            "train": 0,
            "operation": 9,
            "time": 11591
        },
        {
            "train": 1,
            "operation": 12,
            "time": 11613
        },
        {
            "train": 0,
            "operation": 13,
            "time": 11631
        },
        {
            "train": 6,
            "operation": 7,
            "time": 11695
        },
        {
            "train": 0,
            "operation": 14,
            "time": 11698
        },
        {
            "train": 4,
            "operation": 3,
            "time": 11701
        },
        {
            "train": 6,
            "operation": 8,
            "time": 11705
        },
        {
            "train": 3,
            "operation": 5,
            "time": 11736
        },
        {
            "train": 1,
            "operation": 13,
            "time": 11765
        },
        {
            "train": 0,
            "operation": 16,
            "time": 11768
        },
        {
            "train": 6,
            "operation": 9,
            "time": 11801
        },
        {
            "train": 1,
            "operation": 15,
            "time": 11805
        },
        {
            "train": 4,
            "operation": 4,
            "time": 11853
        },
        {
            "train": 6,
            "operation": 10,
            "time": 11863
        },
        {
            "train": 4,
            "operation": 6,
            "time": 11893
        },
        {
            "train": 3,
            "operation": 7,
            "time": 11946
        },
        {
            "train": 1,
            "operation": 16,
            "time": 11959
        },
        {
            "train": 2,
            "operation": 4,
            "time": 11960
        },
        {
            "train": 1,
            "operation": 17,
            "time": 11969
        },
        {
            "train": 3,
            "operation": 9,
            "time": 11986
        },
        {
            "train": 0,
            "operation": 18,
            "time": 12034
        },
        {
            "train": 1,
            "operation": 18,
            "time": 12034
        },
        {
            "train": 6,
            "operation": 11,
            "time": 12041
        },
        {
            "train": 4,
            "operation": 7,
            "time": 12045
        },
        {
            "train": 1,
            "operation": 19,
            "time": 12074
        },
        {
            "train": 4,
            "operation": 9,
            "time": 12085
        },
        {
            "train": 2,
            "operation": 6,
            "time": 12112
        },
        {
            "train": 7,
            "operation": 4,
            "time": 12117
        },
        {
            "train": 0,
            "operation": 19,
            "time": 12122
        },
        {
            "train": 7,
            "operation": 5,
            "time": 12127
        },
        {
            "train": 2,
            "operation": 7,
            "time": 12152
        },
        {
            "train": 2,
            "operation": 8,
            "time": 12210
        },
        {
            "train": 2,
            "operation": 10,
            "time": 12220
        },
        {
            "train": 3,
            "operation": 10,
            "time": 12224
        },
        {
            "train": 1,
            "operation": 20,
            "time": 12226
        },
        {
            "train": 6,
            "operation": 13,
            "time": 12260
        },
        {
            "train": 1,
            "operation": 23,
            "time": 12266
        },
        {
            "train": 0,
            "operation": 21,
            "time": 12274
        },
        {
            "train": 4,
            "operation": 11,
            "time": 12295
        },
        {
            "train": 5,
            "operation": 2,
            "time": 12297
        },
        {
            "train": 5,
            "operation": 6,
            "time": 12307
        },
        {
            "train": 0,
            "operation": 22,
            "time": 12314
        },
        {
            "train": 2,
            "operation": 11,
            "time": 12325
        },
        {
            "train": 7,
            "operation": 6,
            "time": 12333
        },
        {
            "train": 4,
            "operation": 12,
            "time": 12335
        },
        {
            "train": 7,
            "operation": 7,
            "time": 12343
        },
        {
            "train": 3,
            "operation": 12,
            "time": 12354
        },
        {
            "train": 2,
            "operation": 13,
            "time": 12365
        },
        {
            "train": 0,
            "operation": 24,
            "time": 12372
        },
        {
            "train": 0,
            "operation": 25,
            "time": 12382
        },
        {
            "train": 5,
            "operation": 8,
            "time": 12403
        },
        {
            "train": 5,
            "operation": 9,
            "time": 12443
        },
        {
            "train": 1,
            "operation": 25,
            "time": 12476
        },
        {
            "train": 0,
            "operation": 27,
            "time": 12487
        },
        {
            "train": 7,
            "operation": 8,
            "time": 12499
        },
        {
            "train": 2,
            "operation": 15,
            "time": 12517
        },
        {
            "train": 0,
            "operation": 28,
            "time": 12527
        },
        {
            "train": 4,
            "operation": 15,
            "time": 12545
        },
        {
            "train": 2,
            "operation": 16,
            "time": 12557
        },
        {
            "train": 3,
            "operation": 13,
            "time": 12564
        },
        {
            "train": 6,
            "operation": 15,
            "time": 12564
        },
        {
            "train": 6,
            "operation": 16,
            "time": 12574
        },
        {
            "train": 4,
            "operation": 16,
            "time": 12585
        },
        {
            "train": 5,
            "operation": 10,
            "time": 12595
        },
        {
            "train": 3,
            "operation": 15,
            "time": 12604
        },
        {
            "train": 7,
            "operation": 10,
            "time": 12629
        },
        {
            "train": 5,
            "operation": 12,
            "time": 12635
        },
        {
            "train": 1,
            "operation": 26,
            "time": 12636
        },
        {
            "train": 0,
            "operation": 30,
            "time": 12679
        },
        {
            "train": 2,
            "operation": 19,
            "time": 12681
        },
        {
            "train": 0,
            "operation": 31,
            "time": 12719
        },
        {
            "train": 5,
            "operation": 13,
            "time": 12740
        },
        {
            "train": 5,
            "operation": 15,
            "time": 12750
        },
        {
            "train": 3,
            "operation": 16,
            "time": 12756
        },
        {
            "train": 7,
            "operation": 11,
            "time": 12772
        },
        {
            "train": 1,
            "operation": 27,
            "time": 12774
        },
        {
            "train": 7,
            "operation": 12,
            "time": 12782
        },
        {
            "train": 1,
            "operation": 28,
            "time": 12784
        },
        {
            "train": 6,
            "operation": 17,
            "time": 12793
        },
        {
            "train": 4,
            "operation": 17,
            "time": 12795
        },
        {
            "train": 3,
            "operation": 18,
            "time": 12796
        },
        {
            "train": 6,
            "operation": 19,
            "time": 12803
        },
        {
            "train": 5,
            "operation": 16,
            "time": 12808
        },
        {
            "train": 2,
            "operation": 22,
            "time": 12811
        },
        {
            "train": 0,
            "operation": 32,
            "time": 12843
        },
        {
            "train": 5,
            "operation": 18,
            "time": 12848
        },
        {
            "train": 7,
            "operation": 13,
            "time": 12858
        },
        {
            "train": 1,
            "operation": 29,
            "time": 12922
        },
        {
            "train": 4,
            "operation": 20,
            "time": 12932
        },
        {
            "train": 3,
            "operation": 19,
            "time": 12948
        },
        {
            "train": 7,
            "operation": 14,
            "time": 12958
        },
        {
            "train": 1,
            "operation": 32,
            "time": 12962
        },
        {
            "train": 0,
            "operation": 37,
            "time": 12973
        },
        {
            "train": 3,
            "operation": 20,
            "time": 12988
        },
        {
            "train": 5,
            "operation": 20,
            "time": 13000
        },
        {
            "train": 5,
            "operation": 21,
            "time": 13040
        },
        {
            "train": 3,
            "operation": 21,
            "time": 13084
        },
        {
            "train": 4,
            "operation": 21,
            "time": 13084
        },
        {
            "train": 3,
            "operation": 22,
            "time": 13094
        },
        {
            "train": 4,
            "operation": 22,
            "time": 13094
        },
        {
            "train": 6,
            "operation": 21,
            "time": 13096
        },
        {
            "train": 7,
            "operation": 15,
            "time": 13110
        },
        {
            "train": 7,
            "operation": 17,
            "time": 13150
        },
        {
            "train": 1,
            "operation": 33,
            "time": 13172
        },
        {
            "train": 1,
            "operation": 36,
            "time": 13212
        },
        {
            "train": 4,
            "operation": 23,
            "time": 13246
        },
        {
            "train": 3,
            "operation": 24,
            "time": 13275
        },
        {
            "train": 5,
            "operation": 23,
            "time": 13278
        },
        {
            "train": 7,
            "operation": 18,
            "time": 13302
        },
        {
            "train": 3,
            "operation": 25,
            "time": 13315
        },
        {
            "train": 4,
            "operation": 25,
            "time": 13316
        },
        {
            "train": 7,
            "operation": 20,
            "time": 13342
        },
        {
            "train": 6,
            "operation": 23,
            "time": 13346
        },
        {
            "train": 5,
            "operation": 24,
            "time": 13348
        },
        {
            "train": 5,
            "operation": 28,
            "time": 13444
        },
        {
            "train": 1,
            "operation": 38,
            "time": 13450
        },
        {
            "train": 3,
            "operation": 26,
            "time": 13471
        },
        {
            "train": 3,
            "operation": 27,
            "time": 13481
        },
        {
            "train": 5,
            "operation": 29,
            "time": 13484
        },
        {
            "train": 4,
            "operation": 28,
            "time": 13526
        },
        {
            "train": 6,
            "operation": 26,
            "time": 13549
        },
        {
            "train": 7,
            "operation": 21,
            "time": 13552
        },
        {
            "train": 6,
            "operation": 27,
            "time": 13559
        },
        {
            "train": 4,
            "operation": 29,
            "time": 13566
        },
        {
            "train": 1,
            "operation": 39,
            "time": 13580
        },
        {
            "train": 7,
            "operation": 23,
            "time": 13592
        },
        {
            "train": 5,
            "operation": 31,
            "time": 13636
        },
        {
            "train": 5,
            "operation": 32,
            "time": 13676
        },
        {
            "train": 3,
            "operation": 30,
            "time": 13687
        },
        {
            "train": 6,
            "operation": 28,
            "time": 13701
        },
        {
            "train": 6,
            "operation": 29,
            "time": 13711
        },
        {
            "train": 4,
            "operation": 30,
            "time": 13718
        },
        {
            "train": 4,
            "operation": 31,
            "time": 13758
        },
        {
            "train": 1,
            "operation": 41,
            "time": 13790
        },
        {
            "train": 3,
            "operation": 32,
            "time": 13817
        },
        {
            "train": 4,
            "operation": 32,
            "time": 13819
        },
        {
            "train": 1,
            "operation": 42,
            "time": 13830
        },
        {
            "train": 4,
            "operation": 33,
            "time": 13831
        },
        {
            "train": 5,
            "operation": 33,
            "time": 13845
        },
        {
            "train": 6,
            "operation": 30,
            "time": 13853
        },
        {
            "train": 5,
            "operation": 34,
            "time": 13855
        },
        {
            "train": 7,
            "operation": 25,
            "time": 13858
        },
        {
            "train": 7,
            "operation": 27,
            "time": 13898
        },
        {
            "train": 6,
            "operation": 32,
            "time": 13922
        },
        {
            "train": 5,
            "operation": 35,
            "time": 13930
        },
        {
            "train": 5,
            "operation": 36,
            "time": 13970
        },
        {
            "train": 1,
            "operation": 44,
            "time": 13982
        },
        {
            "train": 4,
            "operation": 35,
            "time": 13989
        },
        {
            "train": 1,
            "operation": 45,
            "time": 14022
        },
        {
            "train": 4,
            "operation": 36,
            "time": 14029
        },
        {
            "train": 7,
            "operation": 29,
            "time": 14108
        },
        {
            "train": 5,
            "operation": 39,
            "time": 14122
        },
        {
            "train": 6,
            "operation": 33,
            "time": 14141
        },
        {
            "train": 7,
            "operation": 31,
            "time": 14148
        },
        {
            "train": 5,
            "operation": 40,
            "time": 14162
        },
        {
            "train": 1,
            "operation": 46,
            "time": 14174
        },
        {
            "train": 4,
            "operation": 37,
            "time": 14181
        },
        {
            "train": 1,
            "operation": 47,
            "time": 14214
        },
        {
            "train": 4,
            "operation": 41,
            "time": 14221
        },
        {
            "train": 4,
            "operation": 42,
            "time": 14288
        },
        {
            "train": 7,
            "operation": 32,
            "time": 14300
        },
        {
            "train": 1,
            "operation": 48,
            "time": 14310
        },
        {
            "train": 7,
            "operation": 33,
            "time": 14310
        },
        {
            "train": 1,
            "operation": 49,
            "time": 14320
        },
        {
            "train": 6,
            "operation": 36,
            "time": 14351
        },
        {
            "train": 4,
            "operation": 44,
            "time": 14358
        },
        {
            "train": 5,
            "operation": 42,
            "time": 14372
        },
        {
            "train": 6,
            "operation": 37,
            "time": 14459
        },
        {
            "train": 7,
            "operation": 34,
            "time": 14462
        },
        {
            "train": 6,
            "operation": 38,
            "time": 14469
        },
        {
            "train": 5,
            "operation": 43,
            "time": 14472
        },
        {
            "train": 1,
            "operation": 51,
            "time": 14501
        },
        {
            "train": 7,
            "operation": 36,
            "time": 14532
        },
        {
            "train": 1,
            "operation": 52,
            "time": 14541
        },
        {
            "train": 6,
            "operation": 39,
            "time": 14549
        },
        {
            "train": 6,
            "operation": 40,
            "time": 14559
        },
        {
            "train": 4,
            "operation": 45,
            "time": 14624
        },
        {
            "train": 5,
            "operation": 44,
            "time": 14653
        },
        {
            "train": 5,
            "operation": 45,
            "time": 14663
        },
        {
            "train": 4,
            "operation": 47,
            "time": 14664
        },
        {
            "train": 1,
            "operation": 53,
            "time": 14685
        },
        {
            "train": 6,
            "operation": 41,
            "time": 14693
        },
        {
            "train": 1,
            "operation": 54,
            "time": 14695
        },
        {
            "train": 6,
            "operation": 43,
            "time": 14703
        },
        {
            "train": 7,
            "operation": 38,
            "time": 14742
        },
        {
            "train": 7,
            "operation": 40,
            "time": 14782
        },
        {
            "train": 4,
            "operation": 49,
            "time": 14816
        },
        {
            "train": 6,
            "operation": 44,
            "time": 14820
        },
        {
            "train": 6,
            "operation": 48,
            "time": 14830
        },
        {
            "train": 5,
            "operation": 46,
            "time": 14844
        },
        {
            "train": 4,
            "operation": 50,
            "time": 14856
        },
        {
            "train": 7,
            "operation": 41,
            "time": 14878
        },
        {
            "train": 1,
            "operation": 55,
            "time": 14885
        },
        {
            "train": 4,
            "operation": 51,
            "time": 14914
        },
        {
            "train": 7,
            "operation": 42,
            "time": 14918
        },
        {
            "train": 4,
            "operation": 53,
            "time": 14924
        },
        {
            "train": 6,
            "operation": 50,
            "time": 14954
        },
        {
            "train": 5,
            "operation": 49,
            "time": 14974
        },
        {
            "train": 7,
            "operation": 43,
            "time": 14986
        },
        {
            "train": 7,
            "operation": 44,
            "time": 14996
        },
        {
            "train": 1,
            "operation": 59,
            "time": 15015
        },
        {
            "train": 4,
            "operation": 55,
            "time": 15029
        },
        {
            "train": 4,
            "operation": 56,
            "time": 15069
        },
        {
            "train": 6,
            "operation": 51,
            "time": 15084
        },
        {
            "train": 7,
            "operation": 45,
            "time": 15148
        },
        {
            "train": 7,
            "operation": 47,
            "time": 15217
        },
        {
            "train": 4,
            "operation": 58,
            "time": 15221
        },
        {
            "train": 4,
            "operation": 59,
            "time": 15261
        },
        {
            "train": 6,
            "operation": 52,
            "time": 15348
        },
        {
            "train": 6,
            "operation": 54,
            "time": 15358
        },
        {
            "train": 4,
            "operation": 62,
            "time": 15385
        },
        {
            "train": 7,
            "operation": 49,
            "time": 15399
        },
        {
            "train": 7,
            "operation": 52,
            "time": 15439
        },
        {
            "train": 6,
            "operation": 55,
            "time": 15457
        },
        {
            "train": 7,
            "operation": 53,
            "time": 15506
        },
        {
            "train": 4,
            "operation": 65,
            "time": 15515
        },
        {
            "train": 6,
            "operation": 57,
            "time": 15526
        },
        {
            "train": 7,
            "operation": 55,
            "time": 15576
        },
        {
            "train": 6,
            "operation": 59,
            "time": 15610
        },
        {
            "train": 6,
            "operation": 60,
            "time": 15620
        },
        {
            "train": 6,
            "operation": 61,
            "time": 15777
        },
        {
            "train": 6,
            "operation": 63,
            "time": 15787
        },
        {
            "train": 7,
            "operation": 57,
            "time": 15842
        },
        {
            "train": 7,
            "operation": 58,
            "time": 15882
        },
        {
            "train": 6,
            "operation": 64,
            "time": 15928
        },
        {
            "train": 6,
            "operation": 66,
            "time": 15938
        },
        {
            "train": 7,
            "operation": 60,
            "time": 16034
        },
        {
            "train": 7,
            "operation": 61,
            "time": 16074
        },
        {
            "train": 6,
            "operation": 67,
            "time": 16109
        },
        {
            "train": 7,
            "operation": 63,
            "time": 16132
        },
        {
            "train": 7,
            "operation": 64,
            "time": 16142
        },
        {
            "train": 7,
            "operation": 66,
            "time": 16247
        },
        {
            "train": 7,
            "operation": 67,
            "time": 16287
        },
        {
            "train": 7,
            "operation": 68,
            "time": 16439
        },
        {
            "train": 7,
            "operation": 70,
            "time": 16479
        },
        {
            "train": 7,
            "operation": 75,
            "time": 16603
        },
        {
            "train": 7,
            "operation": 76,
            "time": 16733
        },
        {
            "train": 6,
            "operation": 72,
            "time": 17319
        }
    ]
}