{
    "objective_value": 3675.0352,
    "events": [
        {
            "operation": 0,
            "time": 0,
            "train": 0
        },
        {
            "operation": 0,
            "time": 0,
            "train": 1
        },
        {
            "operation": 0,
            "time": 0,
            "train": 2
        },
        {
            "operation": 0,
            "time": 0,
            "train": 3
        },
        {
            "operation": 0,
            "time": 0,
            "train": 4
        },
        {
            "operation": 0,
            "time": 0,
            "train": 5
        },
        {
            "operation": 0,
            "time": 0,
            "train": 6
        },
        {
            "operation": 0,
            "time": 0,
            "train": 7
        },
        {
            "operation": 0,
            "time": 0,
            "train": 8
        },
        {
            "operation": 0,
            "time": 0,
            "train": 9
        },
        {
            "operation": 0,
            "time": 0,
            "train": 10
        },
        {
            "operation": 0,
            "time": 0,
            "train": 11
        },
        {
            "operation": 1,
            "time": 8727,
            "train": 5
        },
        {
            "operation": 1,
            "time": 8757,
            "train": 1
        },
        {
            "operation": 1,
            "time": 8757,
            "train": 2
        },
        {
            "operation": 1,
            "time": 8773,
            "train": 0
        },
        {
            "operation": 1,
            "time": 8817,
            "train": 8
        },
        {
            "operation": 2,
            "time": 8877,
            "train": 1
        },
        {
            "operation": 2,
            "time": 8877,
            "train": 5
        },
        {
            "operation": 2,
            "time": 8907,
            "train": 0
        },
        {
            "operation": 2,
            "time": 8907,
            "train": 2
        },
        {
            "operation": 1,
            "time": 8937,
            "train": 6
        },
        {
            "operation": 2,
            "time": 8967,
            "train": 8
        },
        {
            "operation": 2,
            "time": 9102,
            "train": 6
        },
        {
            "operation": 3,
            "time": 9142,
            "train": 6
        },
        {
            "operation": 4,
            "time": 9299,
            "train": 6
        },
        {
            "operation": 7,
            "time": 9329,
            "train": 6
        },
        {
            "operation": 9,
            "time": 9509,
            "train": 6
        },
        {
            "operation": 4,
            "time": 9557,
            "train": 2
        },
        {
            "operation": 11,
            "time": 9559,
            "train": 6
        },
        {
            "operation": 6,
            "time": 9568,
            "train": 1
        },
        {
            "operation": 5,
            "time": 9597,
            "train": 3
        },
        {
            "operation": 6,
            "time": 9597,
            "train": 3
        },
        {
            "operation": 8,
            "time": 9671,
            "train": 2
        },
        {
            "operation": 8,
            "time": 9687,
            "train": 3
        },
        {
            "operation": 9,
            "time": 9717,
            "train": 3
        },
        {
            "operation": 4,
            "time": 9756,
            "train": 0
        },
        {
            "operation": 4,
            "time": 9783,
            "train": 5
        },
        {
            "operation": 13,
            "time": 9787,
            "train": 6
        },
        {
            "operation": 4,
            "time": 9791,
            "train": 8
        },
        {
            "operation": 10,
            "time": 9791,
            "train": 2
        },
        {
            "operation": 11,
            "time": 9867,
            "train": 3
        },
        {
            "operation": 5,
            "time": 9886,
            "train": 8
        },
        {
            "operation": 7,
            "time": 9886,
            "train": 8
        },
        {
            "operation": 12,
            "time": 9897,
            "train": 3
        },
        {
            "operation": 14,
            "time": 9907,
            "train": 6
        },
        {
            "operation": 9,
            "time": 9926,
            "train": 8
        },
        {
            "operation": 5,
            "time": 9927,
            "train": 0
        },
        {
            "operation": 6,
            "time": 9927,
            "train": 0
        },
        {
            "operation": 10,
            "time": 9956,
            "train": 8
        },
        {
            "operation": 5,
            "time": 9983,
            "train": 5
        },
        {
            "operation": 14,
            "time": 9997,
            "train": 3
        },
        {
            "operation": 15,
            "time": 9997,
            "train": 3
        },
        {
            "operation": 7,
            "time": 10013,
            "train": 0
        },
        {
            "operation": 8,
            "time": 10013,
            "train": 5
        },
        {
            "operation": 8,
            "time": 10043,
            "train": 0
        },
        {
            "operation": 16,
            "time": 10047,
            "train": 3
        },
        {
            "operation": 12,
            "time": 10098,
            "train": 8
        },
        {
            "operation": 18,
            "time": 10098,
            "train": 3
        },
        {
            "operation": 16,
            "time": 10107,
            "train": 6
        },
        {
            "operation": 13,
            "time": 10128,
            "train": 8
        },
        {
            "operation": 17,
            "time": 10137,
            "train": 6
        },
        {
            "operation": 9,
            "time": 10155,
            "train": 5
        },
        {
            "operation": 10,
            "time": 10185,
            "train": 5
        },
        {
            "operation": 11,
            "time": 10236,
            "train": 5
        },
        {
            "operation": 12,
            "time": 10236,
            "train": 5
        },
        {
            "operation": 20,
            "time": 10240,
            "train": 3
        },
        {
            "operation": 9,
            "time": 10249,
            "train": 0
        },
        {
            "operation": 11,
            "time": 10279,
            "train": 0
        },
        {
            "operation": 19,
            "time": 10299,
            "train": 6
        },
        {
            "operation": 20,
            "time": 10329,
            "train": 6
        },
        {
            "operation": 4,
            "time": 10344,
            "train": 10
        },
        {
            "operation": 5,
            "time": 10344,
            "train": 10
        },
        {
            "operation": 15,
            "time": 10356,
            "train": 8
        },
        {
            "operation": 21,
            "time": 10356,
            "train": 3
        },
        {
            "operation": 14,
            "time": 10384,
            "train": 5
        },
        {
            "operation": 15,
            "time": 10414,
            "train": 5
        },
        {
            "operation": 16,
            "time": 10416,
            "train": 8
        },
        {
            "operation": 21,
            "time": 10471,
            "train": 6
        },
        {
            "operation": 12,
            "time": 10479,
            "train": 0
        },
        {
            "operation": 3,
            "time": 10497,
            "train": 4
        },
        {
            "operation": 6,
            "time": 10497,
            "train": 4
        },
        {
            "operation": 22,
            "time": 10501,
            "train": 6
        },
        {
            "operation": 14,
            "time": 10509,
            "train": 0
        },
        {
            "operation": 19,
            "time": 10526,
            "train": 8
        },
        {
            "operation": 6,
            "time": 10540,
            "train": 10
        },
        {
            "operation": 7,
            "time": 10540,
            "train": 10
        },
        {
            "operation": 17,
            "time": 10556,
            "train": 5
        },
        {
            "operation": 21,
            "time": 10556,
            "train": 8
        },
        {
            "operation": 23,
            "time": 10584,
            "train": 3
        },
        {
            "operation": 20,
            "time": 10586,
            "train": 5
        },
        {
            "operation": 7,
            "time": 10587,
            "train": 4
        },
        {
            "operation": 23,
            "time": 10587,
            "train": 6
        },
        {
            "operation": 24,
            "time": 10587,
            "train": 6
        },
        {
            "operation": 9,
            "time": 10617,
            "train": 4
        },
        {
            "operation": 21,
            "time": 10643,
            "train": 5
        },
        {
            "operation": 24,
            "time": 10644,
            "train": 3
        },
        {
            "operation": 1,
            "time": 10677,
            "train": 7
        },
        {
            "operation": 5,
            "time": 10677,
            "train": 7
        },
        {
            "operation": 9,
            "time": 10686,
            "train": 10
        },
        {
            "operation": 22,
            "time": 10698,
            "train": 8
        },
        {
            "operation": 23,
            "time": 10703,
            "train": 5
        },
        {
            "operation": 15,
            "time": 10709,
            "train": 0
        },
        {
            "operation": 24,
            "time": 10728,
            "train": 8
        },
        {
            "operation": 7,
            "time": 10737,
            "train": 7
        },
        {
            "operation": 17,
            "time": 10739,
            "train": 0
        },
        {
            "operation": 25,
            "time": 10758,
            "train": 3
        },
        {
            "operation": 11,
            "time": 10767,
            "train": 4
        },
        {
            "operation": 25,
            "time": 10775,
            "train": 6
        },
        {
            "operation": 12,
            "time": 10797,
            "train": 4
        },
        {
            "operation": 27,
            "time": 10805,
            "train": 6
        },
        {
            "operation": 10,
            "time": 10806,
            "train": 10
        },
        {
            "operation": 25,
            "time": 10872,
            "train": 8
        },
        {
            "operation": 26,
            "time": 10872,
            "train": 8
        },
        {
            "operation": 29,
            "time": 10878,
            "train": 3
        },
        {
            "operation": 13,
            "time": 10899,
            "train": 4
        },
        {
            "operation": 15,
            "time": 10899,
            "train": 4
        },
        {
            "operation": 27,
            "time": 10927,
            "train": 8
        },
        {
            "operation": 18,
            "time": 10939,
            "train": 0
        },
        {
            "operation": 16,
            "time": 10947,
            "train": 4
        },
        {
            "operation": 28,
            "time": 10951,
            "train": 6
        },
        {
            "operation": 29,
            "time": 10951,
            "train": 6
        },
        {
            "operation": 28,
            "time": 10957,
            "train": 8
        },
        {
            "operation": 8,
            "time": 10959,
            "train": 7
        },
        {
            "operation": 25,
            "time": 10959,
            "train": 5
        },
        {
            "operation": 21,
            "time": 10969,
            "train": 0
        },
        {
            "operation": 11,
            "time": 10977,
            "train": 10
        },
        {
            "operation": 12,
            "time": 10977,
            "train": 10
        },
        {
            "operation": 18,
            "time": 10977,
            "train": 4
        },
        {
            "operation": 26,
            "time": 10989,
            "train": 5
        },
        {
            "operation": 13,
            "time": 11067,
            "train": 10
        },
        {
            "operation": 14,
            "time": 11097,
            "train": 10
        },
        {
            "operation": 29,
            "time": 11099,
            "train": 8
        },
        {
            "operation": 32,
            "time": 11129,
            "train": 8
        },
        {
            "operation": 27,
            "time": 11131,
            "train": 5
        },
        {
            "operation": 19,
            "time": 11139,
            "train": 4
        },
        {
            "operation": 33,
            "time": 11157,
            "train": 6
        },
        {
            "operation": 29,
            "time": 11161,
            "train": 5
        },
        {
            "operation": 21,
            "time": 11169,
            "train": 4
        },
        {
            "operation": 22,
            "time": 11169,
            "train": 0
        },
        {
            "operation": 25,
            "time": 11199,
            "train": 0
        },
        {
            "operation": 31,
            "time": 11209,
            "train": 5
        },
        {
            "operation": 32,
            "time": 11209,
            "train": 5
        },
        {
            "operation": 10,
            "time": 11215,
            "train": 7
        },
        {
            "operation": 11,
            "time": 11245,
            "train": 7
        },
        {
            "operation": 15,
            "time": 11247,
            "train": 10
        },
        {
            "operation": 17,
            "time": 11277,
            "train": 10
        },
        {
            "operation": 34,
            "time": 11277,
            "train": 6
        },
        {
            "operation": 34,
            "time": 11304,
            "train": 5
        },
        {
            "operation": 35,
            "time": 11334,
            "train": 5
        },
        {
            "operation": 26,
            "time": 11356,
            "train": 0
        },
        {
            "operation": 27,
            "time": 11356,
            "train": 0
        },
        {
            "operation": 34,
            "time": 11363,
            "train": 8
        },
        {
            "operation": 12,
            "time": 11387,
            "train": 7
        },
        {
            "operation": 22,
            "time": 11397,
            "train": 4
        },
        {
            "operation": 14,
            "time": 11417,
            "train": 7
        },
        {
            "operation": 19,
            "time": 11427,
            "train": 10
        },
        {
            "operation": 20,
            "time": 11457,
            "train": 10
        },
        {
            "operation": 24,
            "time": 11457,
            "train": 4
        },
        {
            "operation": 15,
            "time": 11465,
            "train": 7
        },
        {
            "operation": 17,
            "time": 11465,
            "train": 7
        },
        {
            "operation": 36,
            "time": 11476,
            "train": 5
        },
        {
            "operation": 38,
            "time": 11506,
            "train": 5
        },
        {
            "operation": 28,
            "time": 11513,
            "train": 0
        },
        {
            "operation": 35,
            "time": 11513,
            "train": 8
        },
        {
            "operation": 30,
            "time": 11543,
            "train": 0
        },
        {
            "operation": 25,
            "time": 11547,
            "train": 4
        },
        {
            "operation": 18,
            "time": 11560,
            "train": 7
        },
        {
            "operation": 29,
            "time": 11577,
            "train": 4
        },
        {
            "operation": 20,
            "time": 11590,
            "train": 7
        },
        {
            "operation": 43,
            "time": 11620,
            "train": 5
        },
        {
            "operation": 22,
            "time": 11667,
            "train": 10
        },
        {
            "operation": 36,
            "time": 11670,
            "train": 8
        },
        {
            "operation": 37,
            "time": 11670,
            "train": 8
        },
        {
            "operation": 23,
            "time": 11697,
            "train": 10
        },
        {
            "operation": 21,
            "time": 11732,
            "train": 7
        },
        {
            "operation": 44,
            "time": 11740,
            "train": 5
        },
        {
            "operation": 31,
            "time": 11743,
            "train": 0
        },
        {
            "operation": 23,
            "time": 11762,
            "train": 7
        },
        {
            "operation": 34,
            "time": 11773,
            "train": 0
        },
        {
            "operation": 39,
            "time": 11827,
            "train": 8
        },
        {
            "operation": 30,
            "time": 11829,
            "train": 4
        },
        {
            "operation": 41,
            "time": 11857,
            "train": 8
        },
        {
            "operation": 32,
            "time": 11859,
            "train": 4
        },
        {
            "operation": 25,
            "time": 11876,
            "train": 7
        },
        {
            "operation": 35,
            "time": 11915,
            "train": 0
        },
        {
            "operation": 36,
            "time": 11945,
            "train": 0
        },
        {
            "operation": 29,
            "time": 11996,
            "train": 7
        },
        {
            "operation": 33,
            "time": 12003,
            "train": 4
        },
        {
            "operation": 34,
            "time": 12003,
            "train": 4
        },
        {
            "operation": 37,
            "time": 12003,
            "train": 0
        },
        {
            "operation": 38,
            "time": 12003,
            "train": 0
        },
        {
            "operation": 24,
            "time": 12027,
            "train": 10
        },
        {
            "operation": 27,
            "time": 12057,
            "train": 10
        },
        {
            "operation": 42,
            "time": 12057,
            "train": 8
        },
        {
            "operation": 35,
            "time": 12058,
            "train": 4
        },
        {
            "operation": 45,
            "time": 12087,
            "train": 8
        },
        {
            "operation": 36,
            "time": 12088,
            "train": 4
        },
        {
            "operation": 4,
            "time": 12117,
            "train": 11
        },
        {
            "operation": 5,
            "time": 12117,
            "train": 11
        },
        {
            "operation": 39,
            "time": 12145,
            "train": 0
        },
        {
            "operation": 41,
            "time": 12175,
            "train": 0
        },
        {
            "operation": 37,
            "time": 12230,
            "train": 4
        },
        {
            "operation": 28,
            "time": 12257,
            "train": 10
        },
        {
            "operation": 40,
            "time": 12260,
            "train": 4
        },
        {
            "operation": 31,
            "time": 12287,
            "train": 10
        },
        {
            "operation": 46,
            "time": 12315,
            "train": 8
        },
        {
            "operation": 44,
            "time": 12317,
            "train": 0
        },
        {
            "operation": 6,
            "time": 12323,
            "train": 11
        },
        {
            "operation": 7,
            "time": 12323,
            "train": 11
        },
        {
            "operation": 46,
            "time": 12347,
            "train": 0
        },
        {
            "operation": 47,
            "time": 12404,
            "train": 0
        },
        {
            "operation": 32,
            "time": 12429,
            "train": 10
        },
        {
            "operation": 33,
            "time": 12429,
            "train": 10
        },
        {
            "operation": 48,
            "time": 12435,
            "train": 8
        },
        {
            "operation": 42,
            "time": 12460,
            "train": 4
        },
        {
            "operation": 49,
            "time": 12464,
            "train": 0
        },
        {
            "operation": 34,
            "time": 12571,
            "train": 10
        },
        {
            "operation": 4,
            "time": 12603,
            "train": 9
        },
        {
            "operation": 5,
            "time": 12603,
            "train": 9
        },
        {
            "operation": 43,
            "time": 12610,
            "train": 4
        },
        {
            "operation": 8,
            "time": 12630,
            "train": 11
        },
        {
            "operation": 36,
            "time": 12631,
            "train": 10
        },
        {
            "operation": 50,
            "time": 12635,
            "train": 8
        },
        {
            "operation": 7,
            "time": 12660,
            "train": 9
        },
        {
            "operation": 51,
            "time": 12665,
            "train": 8
        },
        {
            "operation": 8,
            "time": 12720,
            "train": 9
        },
        {
            "operation": 50,
            "time": 12720,
            "train": 0
        },
        {
            "operation": 44,
            "time": 12738,
            "train": 4
        },
        {
            "operation": 45,
            "time": 12738,
            "train": 4
        },
        {
            "operation": 10,
            "time": 12750,
            "train": 11
        },
        {
            "operation": 52,
            "time": 12750,
            "train": 0
        },
        {
            "operation": 52,
            "time": 12807,
            "train": 8
        },
        {
            "operation": 37,
            "time": 12831,
            "train": 10
        },
        {
            "operation": 54,
            "time": 12837,
            "train": 8
        },
        {
            "operation": 40,
            "time": 12861,
            "train": 10
        },
        {
            "operation": 11,
            "time": 12883,
            "train": 11
        },
        {
            "operation": 12,
            "time": 12883,
            "train": 11
        },
        {
            "operation": 53,
            "time": 12892,
            "train": 0
        },
        {
            "operation": 47,
            "time": 12915,
            "train": 4
        },
        {
            "operation": 55,
            "time": 12922,
            "train": 0
        },
        {
            "operation": 49,
            "time": 12945,
            "train": 4
        },
        {
            "operation": 13,
            "time": 12949,
            "train": 11
        },
        {
            "operation": 56,
            "time": 12970,
            "train": 0
        },
        {
            "operation": 58,
            "time": 12970,
            "train": 0
        },
        {
            "operation": 9,
            "time": 12976,
            "train": 9
        },
        {
            "operation": 14,
            "time": 12979,
            "train": 11
        },
        {
            "operation": 55,
            "time": 12979,
            "train": 8
        },
        {
            "operation": 41,
            "time": 13003,
            "train": 10
        },
        {
            "operation": 11,
            "time": 13006,
            "train": 9
        },
        {
            "operation": 56,
            "time": 13009,
            "train": 8
        },
        {
            "operation": 42,
            "time": 13033,
            "train": 10
        },
        {
            "operation": 59,
            "time": 13065,
            "train": 0
        },
        {
            "operation": 43,
            "time": 13084,
            "train": 10
        },
        {
            "operation": 44,
            "time": 13084,
            "train": 10
        },
        {
            "operation": 57,
            "time": 13095,
            "train": 8
        },
        {
            "operation": 58,
            "time": 13095,
            "train": 8
        },
        {
            "operation": 61,
            "time": 13095,
            "train": 0
        },
        {
            "operation": 15,
            "time": 13121,
            "train": 11
        },
        {
            "operation": 50,
            "time": 13145,
            "train": 4
        },
        {
            "operation": 12,
            "time": 13148,
            "train": 9
        },
        {
            "operation": 17,
            "time": 13151,
            "train": 11
        },
        {
            "operation": 53,
            "time": 13175,
            "train": 4
        },
        {
            "operation": 14,
            "time": 13178,
            "train": 9
        },
        {
            "operation": 16,
            "time": 13226,
            "train": 9
        },
        {
            "operation": 17,
            "time": 13226,
            "train": 9
        },
        {
            "operation": 45,
            "time": 13232,
            "train": 10
        },
        {
            "operation": 62,
            "time": 13237,
            "train": 0
        },
        {
            "operation": 47,
            "time": 13262,
            "train": 10
        },
        {
            "operation": 59,
            "time": 13266,
            "train": 8
        },
        {
            "operation": 64,
            "time": 13267,
            "train": 0
        },
        {
            "operation": 18,
            "time": 13293,
            "train": 11
        },
        {
            "operation": 61,
            "time": 13296,
            "train": 8
        },
        {
            "operation": 18,
            "time": 13321,
            "train": 9
        },
        {
            "operation": 20,
            "time": 13323,
            "train": 11
        },
        {
            "operation": 20,
            "time": 13351,
            "train": 9
        },
        {
            "operation": 66,
            "time": 13381,
            "train": 0
        },
        {
            "operation": 54,
            "time": 13403,
            "train": 4
        },
        {
            "operation": 51,
            "time": 13404,
            "train": 10
        },
        {
            "operation": 52,
            "time": 13434,
            "train": 10
        },
        {
            "operation": 62,
            "time": 13442,
            "train": 8
        },
        {
            "operation": 63,
            "time": 13442,
            "train": 8
        },
        {
            "operation": 53,
            "time": 13491,
            "train": 10
        },
        {
            "operation": 21,
            "time": 13493,
            "train": 9
        },
        {
            "operation": 70,
            "time": 13501,
            "train": 0
        },
        {
            "operation": 21,
            "time": 13523,
            "train": 11
        },
        {
            "operation": 23,
            "time": 13523,
            "train": 9
        },
        {
            "operation": 56,
            "time": 13523,
            "train": 4
        },
        {
            "operation": 55,
            "time": 13551,
            "train": 10
        },
        {
            "operation": 23,
            "time": 13553,
            "train": 11
        },
        {
            "operation": 24,
            "time": 13637,
            "train": 9
        },
        {
            "operation": 66,
            "time": 13638,
            "train": 8
        },
        {
            "operation": 57,
            "time": 13723,
            "train": 4
        },
        {
            "operation": 59,
            "time": 13753,
            "train": 4
        },
        {
            "operation": 29,
            "time": 13757,
            "train": 9
        },
        {
            "operation": 68,
            "time": 13758,
            "train": 8
        },
        {
            "operation": 56,
            "time": 13807,
            "train": 10
        },
        {
            "operation": 24,
            "time": 13809,
            "train": 11
        },
        {
            "operation": 58,
            "time": 13837,
            "train": 10
        },
        {
            "operation": 27,
            "time": 13839,
            "train": 11
        },
        {
            "operation": 60,
            "time": 13895,
            "train": 4
        },
        {
            "operation": 62,
            "time": 13925,
            "train": 4
        },
        {
            "operation": 59,
            "time": 13979,
            "train": 10
        },
        {
            "operation": 61,
            "time": 14009,
            "train": 10
        },
        {
            "operation": 30,
            "time": 14039,
            "train": 11
        },
        {
            "operation": 62,
            "time": 14057,
            "train": 10
        },
        {
            "operation": 64,
            "time": 14057,
            "train": 10
        },
        {
            "operation": 63,
            "time": 14067,
            "train": 4
        },
        {
            "operation": 31,
            "time": 14069,
            "train": 11
        },
        {
            "operation": 64,
            "time": 14097,
            "train": 4
        },
        {
            "operation": 66,
            "time": 14152,
            "train": 10
        },
        {
            "operation": 67,
            "time": 14182,
            "train": 10
        },
        {
            "operation": 65,
            "time": 14183,
            "train": 4
        },
        {
            "operation": 66,
            "time": 14183,
            "train": 4
        },
        {
            "operation": 32,
            "time": 14211,
            "train": 11
        },
        {
            "operation": 33,
            "time": 14211,
            "train": 11
        },
        {
            "operation": 69,
            "time": 14324,
            "train": 10
        },
        {
            "operation": 67,
            "time": 14354,
            "train": 4
        },
        {
            "operation": 70,
            "time": 14354,
            "train": 10
        },
        {
            "operation": 34,
            "time": 14356,
            "train": 11
        },
        {
            "operation": 69,
            "time": 14384,
            "train": 4
        },
        {
            "operation": 36,
            "time": 14416,
            "train": 11
        },
        {
            "operation": 71,
            "time": 14468,
            "train": 10
        },
        {
            "operation": 70,
            "time": 14518,
            "train": 4
        },
        {
            "operation": 71,
            "time": 14518,
            "train": 4
        },
        {
            "operation": 76,
            "time": 14588,
            "train": 10
        },
        {
            "operation": 39,
            "time": 14616,
            "train": 11
        },
        {
            "operation": 40,
            "time": 14646,
            "train": 11
        },
        {
            "operation": 75,
            "time": 14698,
            "train": 4
        },
        {
            "operation": 41,
            "time": 14732,
            "train": 11
        },
        {
            "operation": 42,
            "time": 14762,
            "train": 11
        },
        {
            "operation": 76,
            "time": 14818,
            "train": 4
        },
        {
            "operation": 43,
            "time": 14820,
            "train": 11
        },
        {
            "operation": 44,
            "time": 14820,
            "train": 11
        },
        {
            "operation": 45,
            "time": 14962,
            "train": 11
        },
        {
            "operation": 47,
            "time": 15021,
            "train": 11
        },
        {
            "operation": 48,
            "time": 15193,
            "train": 11
        },
        {
            "operation": 52,
            "time": 15223,
            "train": 11
        },
        {
            "operation": 53,
            "time": 15280,
            "train": 11
        },
        {
            "operation": 55,
            "time": 15340,
            "train": 11
        },
        {
            "operation": 56,
            "time": 15596,
            "train": 11
        },
        {
            "operation": 58,
            "time": 15626,
            "train": 11
        },
        {
            "operation": 59,
            "time": 15768,
            "train": 11
        },
        {
            "operation": 61,
            "time": 15798,
            "train": 11
        },
        {
            "operation": 62,
            "time": 15846,
            "train": 11
        },
        {
            "operation": 64,
            "time": 15846,
            "train": 11
        },
        {
            "operation": 65,
            "time": 15941,
            "train": 11
        },
        {
            "operation": 67,
            "time": 15971,
            "train": 11
        },
        {
            "operation": 68,
            "time": 16113,
            "train": 11
        },
        {
            "operation": 70,
            "time": 16143,
            "train": 11
        },
        {
            "operation": 73,
            "time": 16257,
            "train": 11
        },
        {
            "operation": 76,
            "time": 16377,
            "train": 11
        }
    ]
}