{
    "objective_value": 0.0322,
    "events": [
        {
            "operation": 0,
            "time": 0,
            "train": 0
        },
        {
            "operation": 0,
            "time": 0,
            "train": 1
        },
        {
            "operation": 0,
            "time": 0,
            "train": 2
        },
        {
            "operation": 0,
            "time": 0,
            "train": 3
        },
        {
            "operation": 1,
            "time": 0,
            "train": 0
        },
        {
            "operation": 2,
            "time": 120,
            "train": 0
        },
        {
            "operation": 3,
            "time": 152,
            "train": 0
        },
        {
            "operation": 4,
            "time": 160,
            "train": 0
        },
        {
            "operation": 5,
            "time": 174,
            "train": 0
        },
        {
            "operation": 6,
            "time": 194,
            "train": 0
        },
        {
            "operation": 7,
            "time": 214,
            "train": 0
        },
        {
            "operation": 8,
            "time": 225,
            "train": 0
        },
        {
            "operation": 9,
            "time": 239,
            "train": 0
        },
        {
            "operation": 10,
            "time": 273,
            "train": 0
        },
        {
            "operation": 11,
            "time": 317,
            "train": 0
        },
        {
            "operation": 12,
            "time": 337,
            "train": 0
        },
        {
            "operation": 13,
            "time": 357,
            "train": 0
        },
        {
            "operation": 14,
            "time": 480,
            "train": 0
        },
        {
            "operation": 15,
            "time": 527,
            "train": 0
        },
        {
            "operation": 16,
            "time": 557,
            "train": 0
        },
        {
            "operation": 17,
            "time": 575,
            "train": 0
        },
        {
            "operation": 18,
            "time": 583,
            "train": 0
        },
        {
            "operation": 19,
            "time": 617,
            "train": 0
        },
        {
            "operation": 20,
            "time": 671,
            "train": 0
        },
        {
            "operation": 21,
            "time": 683,
            "train": 0
        },
        {
            "operation": 22,
            "time": 693,
            "train": 0
        },
        {
            "operation": 23,
            "time": 726,
            "train": 0
        },
        {
            "operation": 24,
            "time": 754,
            "train": 0
        },
        {
            "operation": 25,
            "time": 779,
            "train": 0
        },
        {
            "operation": 1,
            "time": 780,
            "train": 2
        },
        {
            "operation": 26,
            "time": 813,
            "train": 0
        },
        {
            "operation": 27,
            "time": 858,
            "train": 0
        },
        {
            "operation": 28,
            "time": 867,
            "train": 0
        },
        {
            "operation": 29,
            "time": 880,
            "train": 0
        },
        {
            "operation": 30,
            "time": 905,
            "train": 0
        },
        {
            "operation": 31,
            "time": 939,
            "train": 0
        },
        {
            "operation": 33,
            "time": 949,
            "train": 0
        },
        {
            "operation": 2,
            "time": 960,
            "train": 2
        },
        {
            "operation": 35,
            "time": 965,
            "train": 0
        },
        {
            "operation": 37,
            "time": 971,
            "train": 0
        },
        {
            "operation": 39,
            "time": 990,
            "train": 0
        },
        {
            "operation": 3,
            "time": 1000,
            "train": 2
        },
        {
            "operation": 4,
            "time": 1032,
            "train": 2
        },
        {
            "operation": 5,
            "time": 1049,
            "train": 2
        },
        {
            "operation": 6,
            "time": 1075,
            "train": 2
        },
        {
            "operation": 7,
            "time": 1095,
            "train": 2
        },
        {
            "operation": 8,
            "time": 1106,
            "train": 2
        },
        {
            "operation": 9,
            "time": 1120,
            "train": 2
        },
        {
            "operation": 41,
            "time": 1140,
            "train": 0
        },
        {
            "operation": 10,
            "time": 1154,
            "train": 2
        },
        {
            "operation": 43,
            "time": 1192,
            "train": 0
        },
        {
            "operation": 11,
            "time": 1199,
            "train": 2
        },
        {
            "operation": 44,
            "time": 1206,
            "train": 0
        },
        {
            "operation": 45,
            "time": 1214,
            "train": 0
        },
        {
            "operation": 12,
            "time": 1216,
            "train": 2
        },
        {
            "operation": 46,
            "time": 1233,
            "train": 0
        },
        {
            "operation": 13,
            "time": 1237,
            "train": 2
        },
        {
            "operation": 47,
            "time": 1247,
            "train": 0
        },
        {
            "operation": 48,
            "time": 1269,
            "train": 0
        },
        {
            "operation": 49,
            "time": 1303,
            "train": 0
        },
        {
            "operation": 50,
            "time": 1348,
            "train": 0
        },
        {
            "operation": 14,
            "time": 1380,
            "train": 2
        },
        {
            "operation": 51,
            "time": 1400,
            "train": 0
        },
        {
            "operation": 52,
            "time": 1419,
            "train": 0
        },
        {
            "operation": 15,
            "time": 1426,
            "train": 2
        },
        {
            "operation": 16,
            "time": 1451,
            "train": 2
        },
        {
            "operation": 53,
            "time": 1453,
            "train": 0
        },
        {
            "operation": 54,
            "time": 1453,
            "train": 0
        },
        {
            "operation": 55,
            "time": 1467,
            "train": 0
        },
        {
            "operation": 17,
            "time": 1468,
            "train": 2
        },
        {
            "operation": 18,
            "time": 1477,
            "train": 2
        },
        {
            "operation": 19,
            "time": 1511,
            "train": 2
        },
        {
            "operation": 56,
            "time": 1516,
            "train": 0
        },
        {
            "operation": 57,
            "time": 1554,
            "train": 0
        },
        {
            "operation": 20,
            "time": 1565,
            "train": 2
        },
        {
            "operation": 58,
            "time": 1569,
            "train": 0
        },
        {
            "operation": 21,
            "time": 1577,
            "train": 2
        },
        {
            "operation": 22,
            "time": 1587,
            "train": 2
        },
        {
            "operation": 23,
            "time": 1619,
            "train": 2
        },
        {
            "operation": 59,
            "time": 1620,
            "train": 0
        },
        {
            "operation": 60,
            "time": 1625,
            "train": 0
        },
        {
            "operation": 61,
            "time": 1634,
            "train": 0
        },
        {
            "operation": 24,
            "time": 1647,
            "train": 2
        },
        {
            "operation": 25,
            "time": 1671,
            "train": 2
        },
        {
            "operation": 62,
            "time": 1676,
            "train": 0
        },
        {
            "operation": 26,
            "time": 1705,
            "train": 2
        },
        {
            "operation": 63,
            "time": 1711,
            "train": 0
        },
        {
            "operation": 64,
            "time": 1735,
            "train": 0
        },
        {
            "operation": 27,
            "time": 1751,
            "train": 2
        },
        {
            "operation": 28,
            "time": 1760,
            "train": 2
        },
        {
            "operation": 29,
            "time": 1771,
            "train": 2
        },
        {
            "operation": 30,
            "time": 1796,
            "train": 2
        },
        {
            "operation": 1,
            "time": 1800,
            "train": 1
        },
        {
            "operation": 31,
            "time": 1830,
            "train": 2
        },
        {
            "operation": 32,
            "time": 1839,
            "train": 2
        },
        {
            "operation": 33,
            "time": 1856,
            "train": 2
        },
        {
            "operation": 34,
            "time": 1863,
            "train": 2
        },
        {
            "operation": 35,
            "time": 1884,
            "train": 2
        },
        {
            "operation": 2,
            "time": 1920,
            "train": 1
        },
        {
            "operation": 65,
            "time": 1920,
            "train": 0
        },
        {
            "operation": 3,
            "time": 1952,
            "train": 1
        },
        {
            "operation": 4,
            "time": 1960,
            "train": 1
        },
        {
            "operation": 5,
            "time": 1974,
            "train": 1
        },
        {
            "operation": 66,
            "time": 1974,
            "train": 0
        },
        {
            "operation": 67,
            "time": 1990,
            "train": 0
        },
        {
            "operation": 6,
            "time": 1994,
            "train": 1
        },
        {
            "operation": 68,
            "time": 2004,
            "train": 0
        },
        {
            "operation": 7,
            "time": 2014,
            "train": 1
        },
        {
            "operation": 8,
            "time": 2025,
            "train": 1
        },
        {
            "operation": 9,
            "time": 2039,
            "train": 1
        },
        {
            "operation": 36,
            "time": 2040,
            "train": 2
        },
        {
            "operation": 69,
            "time": 2041,
            "train": 0
        },
        {
            "operation": 10,
            "time": 2073,
            "train": 1
        },
        {
            "operation": 70,
            "time": 2077,
            "train": 0
        },
        {
            "operation": 37,
            "time": 2091,
            "train": 2
        },
        {
            "operation": 38,
            "time": 2106,
            "train": 2
        },
        {
            "operation": 71,
            "time": 2111,
            "train": 0
        },
        {
            "operation": 11,
            "time": 2117,
            "train": 1
        },
        {
            "operation": 72,
            "time": 2117,
            "train": 0
        },
        {
            "operation": 12,
            "time": 2137,
            "train": 1
        },
        {
            "operation": 39,
            "time": 2144,
            "train": 2
        },
        {
            "operation": 73,
            "time": 2150,
            "train": 0
        },
        {
            "operation": 13,
            "time": 2157,
            "train": 1
        },
        {
            "operation": 74,
            "time": 2165,
            "train": 0
        },
        {
            "operation": 40,
            "time": 2182,
            "train": 2
        },
        {
            "operation": 41,
            "time": 2216,
            "train": 2
        },
        {
            "operation": 75,
            "time": 2220,
            "train": 0
        },
        {
            "operation": 42,
            "time": 2232,
            "train": 2
        },
        {
            "operation": 76,
            "time": 2233,
            "train": 0
        },
        {
            "operation": 43,
            "time": 2254,
            "train": 2
        },
        {
            "operation": 77,
            "time": 2262,
            "train": 0
        },
        {
            "operation": 44,
            "time": 2275,
            "train": 2
        },
        {
            "operation": 14,
            "time": 2280,
            "train": 1
        },
        {
            "operation": 15,
            "time": 2327,
            "train": 1
        },
        {
            "operation": 45,
            "time": 2340,
            "train": 2
        },
        {
            "operation": 78,
            "time": 2340,
            "train": 0
        },
        {
            "operation": 16,
            "time": 2357,
            "train": 1
        },
        {
            "operation": 79,
            "time": 2363,
            "train": 0
        },
        {
            "operation": 17,
            "time": 2375,
            "train": 1
        },
        {
            "operation": 18,
            "time": 2383,
            "train": 1
        },
        {
            "operation": 46,
            "time": 2391,
            "train": 2
        },
        {
            "operation": 47,
            "time": 2400,
            "train": 2
        },
        {
            "operation": 80,
            "time": 2402,
            "train": 0
        },
        {
            "operation": 19,
            "time": 2417,
            "train": 1
        },
        {
            "operation": 49,
            "time": 2427,
            "train": 2
        },
        {
            "operation": 81,
            "time": 2441,
            "train": 0
        },
        {
            "operation": 82,
            "time": 2446,
            "train": 0
        },
        {
            "operation": 51,
            "time": 2470,
            "train": 2
        },
        {
            "operation": 20,
            "time": 2471,
            "train": 1
        },
        {
            "operation": 21,
            "time": 2483,
            "train": 1
        },
        {
            "operation": 22,
            "time": 2493,
            "train": 1
        },
        {
            "operation": 53,
            "time": 2493,
            "train": 2
        },
        {
            "operation": 55,
            "time": 2507,
            "train": 2
        },
        {
            "operation": 23,
            "time": 2526,
            "train": 1
        },
        {
            "operation": 24,
            "time": 2554,
            "train": 1
        },
        {
            "operation": 25,
            "time": 2579,
            "train": 1
        },
        {
            "operation": 1,
            "time": 2580,
            "train": 3
        },
        {
            "operation": 57,
            "time": 2599,
            "train": 2
        },
        {
            "operation": 26,
            "time": 2613,
            "train": 1
        },
        {
            "operation": 59,
            "time": 2621,
            "train": 2
        },
        {
            "operation": 61,
            "time": 2655,
            "train": 2
        },
        {
            "operation": 27,
            "time": 2658,
            "train": 1
        },
        {
            "operation": 28,
            "time": 2667,
            "train": 1
        },
        {
            "operation": 29,
            "time": 2680,
            "train": 1
        },
        {
            "operation": 30,
            "time": 2705,
            "train": 1
        },
        {
            "operation": 64,
            "time": 2714,
            "train": 2
        },
        {
            "operation": 31,
            "time": 2739,
            "train": 1
        },
        {
            "operation": 33,
            "time": 2749,
            "train": 1
        },
        {
            "operation": 65,
            "time": 2750,
            "train": 2
        },
        {
            "operation": 2,
            "time": 2760,
            "train": 3
        },
        {
            "operation": 66,
            "time": 2764,
            "train": 2
        },
        {
            "operation": 35,
            "time": 2765,
            "train": 1
        },
        {
            "operation": 37,
            "time": 2771,
            "train": 1
        },
        {
            "operation": 39,
            "time": 2790,
            "train": 1
        },
        {
            "operation": 67,
            "time": 2795,
            "train": 2
        },
        {
            "operation": 3,
            "time": 2800,
            "train": 3
        },
        {
            "operation": 68,
            "time": 2804,
            "train": 2
        },
        {
            "operation": 69,
            "time": 2822,
            "train": 2
        },
        {
            "operation": 4,
            "time": 2832,
            "train": 3
        },
        {
            "operation": 5,
            "time": 2849,
            "train": 3
        },
        {
            "operation": 70,
            "time": 2849,
            "train": 2
        },
        {
            "operation": 6,
            "time": 2875,
            "train": 3
        },
        {
            "operation": 71,
            "time": 2883,
            "train": 2
        },
        {
            "operation": 72,
            "time": 2887,
            "train": 2
        },
        {
            "operation": 7,
            "time": 2895,
            "train": 3
        },
        {
            "operation": 73,
            "time": 2896,
            "train": 2
        },
        {
            "operation": 8,
            "time": 2906,
            "train": 3
        },
        {
            "operation": 74,
            "time": 2912,
            "train": 2
        },
        {
            "operation": 9,
            "time": 2920,
            "train": 3
        },
        {
            "operation": 75,
            "time": 2925,
            "train": 2
        },
        {
            "operation": 41,
            "time": 2940,
            "train": 1
        },
        {
            "operation": 76,
            "time": 2948,
            "train": 2
        },
        {
            "operation": 10,
            "time": 2954,
            "train": 3
        },
        {
            "operation": 77,
            "time": 2961,
            "train": 2
        },
        {
            "operation": 78,
            "time": 2988,
            "train": 2
        },
        {
            "operation": 43,
            "time": 2992,
            "train": 1
        },
        {
            "operation": 11,
            "time": 2999,
            "train": 3
        },
        {
            "operation": 79,
            "time": 3003,
            "train": 2
        },
        {
            "operation": 44,
            "time": 3006,
            "train": 1
        },
        {
            "operation": 45,
            "time": 3014,
            "train": 1
        },
        {
            "operation": 12,
            "time": 3016,
            "train": 3
        },
        {
            "operation": 46,
            "time": 3033,
            "train": 1
        },
        {
            "operation": 13,
            "time": 3037,
            "train": 3
        },
        {
            "operation": 47,
            "time": 3047,
            "train": 1
        },
        {
            "operation": 48,
            "time": 3069,
            "train": 1
        },
        {
            "operation": 49,
            "time": 3103,
            "train": 1
        },
        {
            "operation": 50,
            "time": 3148,
            "train": 1
        },
        {
            "operation": 14,
            "time": 3180,
            "train": 3
        },
        {
            "operation": 51,
            "time": 3200,
            "train": 1
        },
        {
            "operation": 52,
            "time": 3219,
            "train": 1
        },
        {
            "operation": 15,
            "time": 3226,
            "train": 3
        },
        {
            "operation": 16,
            "time": 3251,
            "train": 3
        },
        {
            "operation": 53,
            "time": 3253,
            "train": 1
        },
        {
            "operation": 54,
            "time": 3253,
            "train": 1
        },
        {
            "operation": 55,
            "time": 3267,
            "train": 1
        },
        {
            "operation": 17,
            "time": 3268,
            "train": 3
        },
        {
            "operation": 18,
            "time": 3277,
            "train": 3
        },
        {
            "operation": 19,
            "time": 3311,
            "train": 3
        },
        {
            "operation": 56,
            "time": 3316,
            "train": 1
        },
        {
            "operation": 57,
            "time": 3354,
            "train": 1
        },
        {
            "operation": 20,
            "time": 3365,
            "train": 3
        },
        {
            "operation": 58,
            "time": 3369,
            "train": 1
        },
        {
            "operation": 21,
            "time": 3377,
            "train": 3
        },
        {
            "operation": 22,
            "time": 3387,
            "train": 3
        },
        {
            "operation": 23,
            "time": 3419,
            "train": 3
        },
        {
            "operation": 59,
            "time": 3420,
            "train": 1
        },
        {
            "operation": 60,
            "time": 3425,
            "train": 1
        },
        {
            "operation": 61,
            "time": 3434,
            "train": 1
        },
        {
            "operation": 24,
            "time": 3447,
            "train": 3
        },
        {
            "operation": 25,
            "time": 3471,
            "train": 3
        },
        {
            "operation": 62,
            "time": 3476,
            "train": 1
        },
        {
            "operation": 26,
            "time": 3505,
            "train": 3
        },
        {
            "operation": 63,
            "time": 3511,
            "train": 1
        },
        {
            "operation": 64,
            "time": 3535,
            "train": 1
        },
        {
            "operation": 27,
            "time": 3551,
            "train": 3
        },
        {
            "operation": 28,
            "time": 3560,
            "train": 3
        },
        {
            "operation": 29,
            "time": 3571,
            "train": 3
        },
        {
            "operation": 30,
            "time": 3596,
            "train": 3
        },
        {
            "operation": 31,
            "time": 3630,
            "train": 3
        },
        {
            "operation": 32,
            "time": 3639,
            "train": 3
        },
        {
            "operation": 33,
            "time": 3656,
            "train": 3
        },
        {
            "operation": 34,
            "time": 3663,
            "train": 3
        },
        {
            "operation": 35,
            "time": 3684,
            "train": 3
        },
        {
            "operation": 65,
            "time": 3720,
            "train": 1
        },
        {
            "operation": 66,
            "time": 3774,
            "train": 1
        },
        {
            "operation": 67,
            "time": 3790,
            "train": 1
        },
        {
            "operation": 68,
            "time": 3804,
            "train": 1
        },
        {
            "operation": 36,
            "time": 3840,
            "train": 3
        },
        {
            "operation": 69,
            "time": 3841,
            "train": 1
        },
        {
            "operation": 70,
            "time": 3877,
            "train": 1
        },
        {
            "operation": 37,
            "time": 3891,
            "train": 3
        },
        {
            "operation": 38,
            "time": 3906,
            "train": 3
        },
        {
            "operation": 71,
            "time": 3911,
            "train": 1
        },
        {
            "operation": 72,
            "time": 3917,
            "train": 1
        },
        {
            "operation": 39,
            "time": 3944,
            "train": 3
        },
        {
            "operation": 73,
            "time": 3950,
            "train": 1
        },
        {
            "operation": 74,
            "time": 3965,
            "train": 1
        },
        {
            "operation": 40,
            "time": 3982,
            "train": 3
        },
        {
            "operation": 41,
            "time": 3992,
            "train": 3
        },
        {
            "operation": 42,
            "time": 4008,
            "train": 3
        },
        {
            "operation": 75,
            "time": 4020,
            "train": 1
        },
        {
            "operation": 43,
            "time": 4030,
            "train": 3
        },
        {
            "operation": 76,
            "time": 4033,
            "train": 1
        },
        {
            "operation": 44,
            "time": 4051,
            "train": 3
        },
        {
            "operation": 45,
            "time": 4061,
            "train": 3
        },
        {
            "operation": 77,
            "time": 4062,
            "train": 1
        },
        {
            "operation": 46,
            "time": 4112,
            "train": 3
        },
        {
            "operation": 47,
            "time": 4121,
            "train": 3
        },
        {
            "operation": 78,
            "time": 4140,
            "train": 1
        },
        {
            "operation": 49,
            "time": 4148,
            "train": 3
        },
        {
            "operation": 79,
            "time": 4163,
            "train": 1
        },
        {
            "operation": 51,
            "time": 4191,
            "train": 3
        },
        {
            "operation": 80,
            "time": 4202,
            "train": 1
        },
        {
            "operation": 53,
            "time": 4214,
            "train": 3
        },
        {
            "operation": 55,
            "time": 4228,
            "train": 3
        },
        {
            "operation": 57,
            "time": 4238,
            "train": 3
        },
        {
            "operation": 81,
            "time": 4241,
            "train": 1
        },
        {
            "operation": 82,
            "time": 4246,
            "train": 1
        },
        {
            "operation": 59,
            "time": 4260,
            "train": 3
        },
        {
            "operation": 61,
            "time": 4294,
            "train": 3
        },
        {
            "operation": 64,
            "time": 4331,
            "train": 3
        },
        {
            "operation": 65,
            "time": 4367,
            "train": 3
        },
        {
            "operation": 66,
            "time": 4381,
            "train": 3
        },
        {
            "operation": 67,
            "time": 4412,
            "train": 3
        },
        {
            "operation": 68,
            "time": 4421,
            "train": 3
        },
        {
            "operation": 69,
            "time": 4439,
            "train": 3
        },
        {
            "operation": 70,
            "time": 4466,
            "train": 3
        },
        {
            "operation": 71,
            "time": 4476,
            "train": 3
        },
        {
            "operation": 72,
            "time": 4480,
            "train": 3
        },
        {
            "operation": 73,
            "time": 4489,
            "train": 3
        },
        {
            "operation": 74,
            "time": 4505,
            "train": 3
        },
        {
            "operation": 75,
            "time": 4518,
            "train": 3
        },
        {
            "operation": 76,
            "time": 4541,
            "train": 3
        },
        {
            "operation": 77,
            "time": 4554,
            "train": 3
        },
        {
            "operation": 78,
            "time": 4581,
            "train": 3
        },
        {
            "operation": 79,
            "time": 4596,
            "train": 3
        }
    ]
}