{
    "objective_value": 30.0008,
    "events": [
        {
            "operation": 0,
            "time": 0,
            "train": 0
        },
        {
            "operation": 0,
            "time": 0,
            "train": 1
        },
        {
            "operation": 1,
            "time": 0,
            "train": 0
        },
        {
            "operation": 2,
            "time": 5,
            "train": 0
        },
        {
            "operation": 1,
            "time": 10,
            "train": 1
        },
        {
            "operation": 3,
            "time": 10,
            "train": 0
        },
        {
            "operation": 2,
            "time": 15,
            "train": 1
        },
        {
            "operation": 3,
            "time": 20,
            "train": 1
        }
    ]
}