{"trains":[[{"start_ub":0,"min_duration":0,"successors":[1]},{"start_lb":8766,"min_duration":134,"resources":[{"resource":"r68"}],"successors":[2,3]},{"start_lb":8907,"min_duration":849,"resources":[{"resource":"r66"}],"successors":[4]},{"start_lb":8907,"min_duration":849,"resources":[{"resource":"r67"}],"successors":[4]},{"start_lb":8937,"min_duration":171,"resources":[{"resource":"r65"}],"successors":[5]},{"start_lb":9117,"min_duration":0,"resources":[{"resource":"r64"}],"successors":[6]},{"start_lb":9117,"min_duration":86,"resources":[{"resource":"r63"}],"successors":[7]},{"start_lb":9207,"min_duration":30,"resources":[{"resource":"r62"}],"successors":[8]},{"start_lb":9237,"min_duration":142,"resources":[{"resource":"r61"}],"successors":[9,10]},{"start_lb":9387,"min_duration":30,"resources":[{"resource":"r59"}],"successors":[11]},{"start_lb":9387,"min_duration":30,"resources":[{"resource":"r60"}],"successors":[11]},{"start_lb":9417,"min_duration":200,"resources":[{"resource":"r58"}],"successors":[12,13]},{"start_lb":9627,"min_duration":30,"resources":[{"resource":"r56"}],"successors":[14]},{"start_lb":9627,"min_duration":30,"resources":[{"resource":"r57"}],"successors":[14]},{"start_lb":9657,"min_duration":200,"resources":[{"resource":"r55"}],"successors":[15,16]},{"start_lb":9867,"min_duration":30,"resources":[{"resource":"r53"}],"successors":[17]},{"start_lb":9867,"min_duration":30,"resources":[{"resource":"r54"}],"successors":[17]},{"start_lb":9897,"min_duration":200,"resources":[{"resource":"r52"}],"successors":[18,19,20]},{"start_lb":10107,"min_duration":30,"resources":[{"resource":"r49"}],"successors":[21]},{"start_lb":10107,"min_duration":30,"resources":[{"resource":"r50"}],"successors":[21]},{"start_lb":10107,"min_duration":30,"resources":[{"resource":"r51"}],"successors":[21]},{"start_lb":10137,"min_duration":200,"resources":[{"resource":"r48"}],"successors":[22,23,24]},{"start_lb":10347,"min_duration":30,"resources":[{"resource":"r45"}],"successors":[25]},{"start_lb":10347,"min_duration":30,"resources":[{"resource":"r46"}],"successors":[25]},{"start_lb":10347,"min_duration":30,"resources":[{"resource":"r47"}],"successors":[25]},{"start_lb":10377,"min_duration":157,"resources":[{"resource":"r44"}],"successors":[26]},{"start_lb":10542,"min_duration":0,"resources":[{"resource":"r43"}],"successors":[27]},{"start_lb":10542,"min_duration":157,"resources":[{"resource":"r42"}],"successors":[28,29]},{"start_lb":10707,"min_duration":30,"resources":[{"resource":"r40"}],"successors":[30]},{"start_lb":10707,"min_duration":30,"resources":[{"resource":"r41"}],"successors":[30]},{"start_lb":10737,"min_duration":200,"resources":[{"resource":"r39"}],"successors":[31,32,33]},{"start_lb":10947,"min_duration":30,"resources":[{"resource":"r36"}],"successors":[34]},{"start_lb":10947,"min_duration":30,"resources":[{"resource":"r37"}],"successors":[34]},{"start_lb":10947,"min_duration":30,"resources":[{"resource":"r38"}],"successors":[34]},{"start_lb":10977,"min_duration":142,"resources":[{"resource":"r35"}],"successors":[35]},{"start_lb":11127,"min_duration":30,"resources":[{"resource":"r34"}],"successors":[36]},{"start_lb":11157,"min_duration":58,"resources":[{"resource":"r33"}],"successors":[37]},{"start_lb":11218,"min_duration":0,"resources":[{"resource":"r32"}],"successors":[38]},{"start_lb":11218,"min_duration":142,"resources":[{"resource":"r31"}],"successors":[39,40]},{"start_lb":11367,"min_duration":30,"resources":[{"resource":"r29"}],"successors":[41]},{"start_lb":11367,"min_duration":30,"resources":[{"resource":"r30"}],"successors":[41]},{"start_lb":11397,"min_duration":142,"resources":[{"resource":"r28"}],"successors":[42,43,44,45]},{"start_lb":11547,"min_duration":30,"resources":[{"resource":"r24"}],"successors":[46]},{"start_lb":11547,"min_duration":30,"resources":[{"resource":"r25"}],"successors":[46]},{"start_lb":11547,"min_duration":30,"resources":[{"resource":"r26"}],"successors":[46]},{"start_lb":11547,"min_duration":30,"resources":[{"resource":"r27"}],"successors":[46]},{"start_lb":11577,"min_duration":57,"resources":[{"resource":"r88"}],"successors":[47,48]},{"start_lb":11637,"min_duration":60,"resources":[{"resource":"r21"}],"successors":[49]},{"start_lb":11637,"min_duration":60,"resources":[{"resource":"r22"}],"successors":[49]},{"start_lb":11697,"min_duration":256,"resources":[{"resource":"r89"}],"successors":[50,51]},{"start_lb":11967,"min_duration":30,"resources":[{"resource":"r18"}],"successors":[52]},{"start_lb":11967,"min_duration":30,"resources":[{"resource":"r19"}],"successors":[52]},{"start_lb":11997,"min_duration":142,"resources":[{"resource":"r90"}],"successors":[53,54]},{"start_lb":12147,"min_duration":30,"resources":[{"resource":"r15"}],"successors":[55]},{"start_lb":12147,"min_duration":30,"resources":[{"resource":"r16"}],"successors":[55]},{"start_lb":12177,"min_duration":48,"resources":[{"resource":"r91"}],"successors":[56,57]},{"start_lb":12227,"min_duration":0,"resources":[{"resource":"r12"}],"successors":[58]},{"start_lb":12227,"min_duration":0,"resources":[{"resource":"r13"}],"successors":[58]},{"start_lb":12227,"min_duration":95,"resources":[{"resource":"r92"}],"successors":[59,60]},{"start_lb":12327,"min_duration":30,"resources":[{"resource":"r9"}],"successors":[61]},{"start_lb":12327,"min_duration":30,"resources":[{"resource":"r10"}],"successors":[61]},{"start_lb":12357,"min_duration":142,"resources":[{"resource":"r93"}],"successors":[62,63]},{"start_lb":12507,"min_duration":30,"resources":[{"resource":"r6"}],"successors":[64]},{"start_lb":12507,"min_duration":30,"resources":[{"resource":"r7"}],"successors":[64]},{"start_lb":12537,"min_duration":114,"resources":[{"resource":"r94"}],"successors":[65,66,67,68,69]},{"start_lb":12657,"min_duration":120,"resources":[{"resource":"r0"}],"successors":[70]},{"start_lb":12657,"min_duration":120,"resources":[{"resource":"r1"}],"successors":[70]},{"start_lb":12657,"min_duration":120,"resources":[{"resource":"r2"}],"successors":[70]},{"start_lb":12657,"min_duration":120,"resources":[{"resource":"r3"}],"successors":[70]},{"start_lb":12657,"min_duration":120,"resources":[{"resource":"r4"}],"successors":[70]},{"start_lb":12777,"min_duration":0,"successors":[]}],[{"start_ub":0,"min_duration":0,"successors":[1]},{"start_lb":8757,"min_duration":114,"resources":[{"resource":"r23"}],"successors":[2,3,4,5]},{"start_lb":8877,"min_duration":691,"resources":[{"resource":"r24"}],"successors":[6]},{"start_lb":8877,"min_duration":691,"resources":[{"resource":"r25"}],"successors":[6]},{"start_lb":8877,"min_duration":691,"resources":[{"resource":"r26"}],"successors":[6]},{"start_lb":8877,"min_duration":691,"resources":[{"resource":"r27"}],"successors":[6]},{"start_lb":8997,"min_duration":0,"successors":[]}],[{"start_ub":0,"min_duration":0,"successors":[1]},{"start_lb":8757,"min_duration":142,"resources":[{"resource":"r93"}],"successors":[2,3]},{"start_lb":8907,"min_duration":650,"resources":[{"resource":"r6"}],"successors":[4]},{"start_lb":8907,"min_duration":650,"resources":[{"resource":"r7"}],"successors":[4]},{"start_lb":8937,"min_duration":114,"resources":[{"resource":"r94"}],"successors":[5,6,7,8,9]},{"start_lb":9057,"min_duration":120,"resources":[{"resource":"r0"}],"successors":[10]},{"start_lb":9057,"min_duration":120,"resources":[{"resource":"r1"}],"successors":[10]},{"start_lb":9057,"min_duration":120,"resources":[{"resource":"r2"}],"successors":[10]},{"start_lb":9057,"min_duration":120,"resources":[{"resource":"r3"}],"successors":[10]},{"start_lb":9057,"min_duration":120,"resources":[{"resource":"r4"}],"successors":[10]},{"start_lb":9177,"min_duration":0,"successors":[]}],[{"start_ub":0,"min_duration":0,"successors":[1,2,3,4,5]},{"start_lb":9597,"min_duration":0,"resources":[{"resource":"r0"}],"successors":[6]},{"start_lb":9597,"min_duration":0,"resources":[{"resource":"r1"}],"successors":[6]},{"start_lb":9597,"min_duration":0,"resources":[{"resource":"r2"}],"successors":[6]},{"start_lb":9597,"min_duration":0,"resources":[{"resource":"r3"}],"successors":[6]},{"start_lb":9597,"min_duration":0,"resources":[{"resource":"r4"}],"successors":[6]},{"start_lb":9597,"min_duration":86,"resources":[{"resource":"r5"}],"successors":[7,8]},{"start_lb":9687,"min_duration":30,"resources":[{"resource":"r6"}],"successors":[9]},{"start_lb":9687,"min_duration":30,"resources":[{"resource":"r7"}],"successors":[9]},{"start_lb":9717,"min_duration":142,"resources":[{"resource":"r8"}],"successors":[10,11]},{"start_lb":9867,"min_duration":30,"resources":[{"resource":"r9"}],"successors":[12]},{"start_lb":9867,"min_duration":30,"resources":[{"resource":"r10"}],"successors":[12]},{"start_lb":9897,"min_duration":95,"resources":[{"resource":"r11"}],"successors":[13,14]},{"start_lb":9997,"min_duration":0,"resources":[{"resource":"r12"}],"successors":[15]},{"start_lb":9997,"min_duration":0,"resources":[{"resource":"r13"}],"successors":[15]},{"start_lb":9997,"min_duration":48,"resources":[{"resource":"r14"}],"successors":[16,17]},{"start_lb":10047,"min_duration":30,"resources":[{"resource":"r15"}],"successors":[18]},{"start_lb":10047,"min_duration":30,"resources":[{"resource":"r16"}],"successors":[18]},{"start_lb":10077,"min_duration":142,"resources":[{"resource":"r17"}],"successors":[19,20]},{"start_lb":10227,"min_duration":30,"resources":[{"resource":"r18"}],"successors":[21]},{"start_lb":10227,"min_duration":30,"resources":[{"resource":"r19"}],"successors":[21]},{"start_lb":10257,"min_duration":228,"resources":[{"resource":"r20"}],"successors":[22,23]},{"start_lb":10497,"min_duration":60,"resources":[{"resource":"r21"}],"successors":[24]},{"start_lb":10497,"min_duration":60,"resources":[{"resource":"r22"}],"successors":[24]},{"start_lb":10557,"min_duration":114,"resources":[{"resource":"r23"}],"successors":[25,26,27,28]},{"start_lb":10677,"min_duration":120,"resources":[{"resource":"r24"}],"successors":[29]},{"start_lb":10677,"min_duration":120,"resources":[{"resource":"r25"}],"successors":[29]},{"start_lb":10677,"min_duration":120,"resources":[{"resource":"r26"}],"successors":[29]},{"start_lb":10677,"min_duration":120,"resources":[{"resource":"r27"}],"successors":[29]},{"start_lb":10797,"min_duration":0,"successors":[]}],[{"start_ub":0,"min_duration":0,"successors":[1,2,3,4,5]},{"start_lb":10497,"min_duration":0,"resources":[{"resource":"r0"}],"successors":[6]},{"start_lb":10497,"min_duration":0,"resources":[{"resource":"r1"}],"successors":[6]},{"start_lb":10497,"min_duration":0,"resources":[{"resource":"r2"}],"successors":[6]},{"start_lb":10497,"min_duration":0,"resources":[{"resource":"r3"}],"successors":[6]},{"start_lb":10497,"min_duration":0,"resources":[{"resource":"r4"}],"successors":[6]},{"start_lb":10497,"min_duration":86,"resources":[{"resource":"r5"}],"successors":[7,8]},{"start_lb":10587,"min_duration":30,"resources":[{"resource":"r6"}],"successors":[9]},{"start_lb":10587,"min_duration":30,"resources":[{"resource":"r7"}],"successors":[9]},{"start_lb":10617,"min_duration":142,"resources":[{"resource":"r8"}],"successors":[10,11]},{"start_lb":10767,"min_duration":30,"resources":[{"resource":"r9"}],"successors":[12]},{"start_lb":10767,"min_duration":30,"resources":[{"resource":"r10"}],"successors":[12]},{"start_lb":10797,"min_duration":95,"resources":[{"resource":"r11"}],"successors":[13,14]},{"start_lb":10897,"min_duration":0,"resources":[{"resource":"r12"}],"successors":[15]},{"start_lb":10897,"min_duration":0,"resources":[{"resource":"r13"}],"successors":[15]},{"start_lb":10897,"min_duration":48,"resources":[{"resource":"r14"}],"successors":[16,17]},{"start_lb":10947,"min_duration":30,"resources":[{"resource":"r15"}],"successors":[18]},{"start_lb":10947,"min_duration":30,"resources":[{"resource":"r16"}],"successors":[18]},{"start_lb":10977,"min_duration":142,"resources":[{"resource":"r17"}],"successors":[19,20]},{"start_lb":11127,"min_duration":30,"resources":[{"resource":"r18"}],"successors":[21]},{"start_lb":11127,"min_duration":30,"resources":[{"resource":"r19"}],"successors":[21]},{"start_lb":11157,"min_duration":228,"resources":[{"resource":"r20"}],"successors":[22,23]},{"start_lb":11397,"min_duration":60,"resources":[{"resource":"r21"}],"successors":[24]},{"start_lb":11397,"min_duration":60,"resources":[{"resource":"r22"}],"successors":[24]},{"start_lb":11457,"min_duration":86,"resources":[{"resource":"r23"}],"successors":[25,26,27,28]},{"start_lb":11547,"min_duration":30,"resources":[{"resource":"r24"}],"successors":[29]},{"start_lb":11547,"min_duration":30,"resources":[{"resource":"r25"}],"successors":[29]},{"start_lb":11547,"min_duration":30,"resources":[{"resource":"r26"}],"successors":[29]},{"start_lb":11547,"min_duration":30,"resources":[{"resource":"r27"}],"successors":[29]},{"start_lb":11577,"min_duration":142,"resources":[{"resource":"r28"}],"successors":[30,31]},{"start_lb":11727,"min_duration":30,"resources":[{"resource":"r29"}],"successors":[32]},{"start_lb":11727,"min_duration":30,"resources":[{"resource":"r30"}],"successors":[32]},{"start_lb":11757,"min_duration":144,"resources":[{"resource":"r31"}],"successors":[33]},{"start_lb":11909,"min_duration":0,"resources":[{"resource":"r32"}],"successors":[34]},{"start_lb":11909,"min_duration":55,"resources":[{"resource":"r33"}],"successors":[35]},{"start_lb":11967,"min_duration":30,"resources":[{"resource":"r34"}],"successors":[36]},{"start_lb":11997,"min_duration":142,"resources":[{"resource":"r35"}],"successors":[37,38,39]},{"start_lb":12147,"min_duration":30,"resources":[{"resource":"r36"}],"successors":[40]},{"start_lb":12147,"min_duration":30,"resources":[{"resource":"r37"}],"successors":[40]},{"start_lb":12147,"min_duration":30,"resources":[{"resource":"r38"}],"successors":[40]},{"start_lb":12177,"min_duration":200,"resources":[{"resource":"r39"}],"successors":[41,42]},{"start_lb":12387,"min_duration":150,"resources":[{"resource":"r40"}],"successors":[43]},{"start_lb":12387,"min_duration":150,"resources":[{"resource":"r41"}],"successors":[43]},{"start_lb":12537,"min_duration":128,"resources":[{"resource":"r42"}],"successors":[44]},{"start_lb":12672,"min_duration":0,"resources":[{"resource":"r43"}],"successors":[45]},{"start_lb":12672,"min_duration":128,"resources":[{"resource":"r44"}],"successors":[46,47,48]},{"start_lb":12807,"min_duration":30,"resources":[{"resource":"r45"}],"successors":[49]},{"start_lb":12807,"min_duration":30,"resources":[{"resource":"r46"}],"successors":[49]},{"start_lb":12807,"min_duration":30,"resources":[{"resource":"r47"}],"successors":[49]},{"start_lb":12837,"min_duration":200,"resources":[{"resource":"r48"}],"successors":[50,51,52]},{"start_lb":13047,"min_duration":30,"resources":[{"resource":"r49"}],"successors":[53]},{"start_lb":13047,"min_duration":30,"resources":[{"resource":"r50"}],"successors":[53]},{"start_lb":13047,"min_duration":30,"resources":[{"resource":"r51"}],"successors":[53]},{"start_lb":13077,"min_duration":228,"resources":[{"resource":"r52"}],"successors":[54,55]},{"start_lb":13317,"min_duration":120,"resources":[{"resource":"r53"}],"successors":[56]},{"start_lb":13317,"min_duration":120,"resources":[{"resource":"r54"}],"successors":[56]},{"start_lb":13437,"min_duration":200,"resources":[{"resource":"r55"}],"successors":[57,58]},{"start_lb":13647,"min_duration":30,"resources":[{"resource":"r56"}],"successors":[59]},{"start_lb":13647,"min_duration":30,"resources":[{"resource":"r57"}],"successors":[59]},{"start_lb":13677,"min_duration":142,"resources":[{"resource":"r58"}],"successors":[60,61]},{"start_lb":13827,"min_duration":30,"resources":[{"resource":"r59"}],"successors":[62]},{"start_lb":13827,"min_duration":30,"resources":[{"resource":"r60"}],"successors":[62]},{"start_lb":13857,"min_duration":142,"resources":[{"resource":"r61"}],"successors":[63]},{"start_lb":14007,"min_duration":30,"resources":[{"resource":"r62"}],"successors":[64]},{"start_lb":14037,"min_duration":86,"resources":[{"resource":"r63"}],"successors":[65]},{"start_lb":14127,"min_duration":0,"resources":[{"resource":"r64"}],"successors":[66]},{"start_lb":14127,"min_duration":171,"resources":[{"resource":"r65"}],"successors":[67,68]},{"start_lb":14307,"min_duration":30,"resources":[{"resource":"r66"}],"successors":[69]},{"start_lb":14307,"min_duration":30,"resources":[{"resource":"r67"}],"successors":[69]},{"start_lb":14337,"min_duration":134,"resources":[{"resource":"r68"}],"successors":[70]},{"start_lb":14478,"min_duration":0,"resources":[{"resource":"r69"}],"successors":[71]},{"start_lb":14478,"min_duration":180,"resources":[{"resource":"r70"}],"successors":[72,73,74,75]},{"start_lb":14667,"min_duration":120,"resources":[{"resource":"r71"}],"successors":[76]},{"start_lb":14667,"min_duration":120,"resources":[{"resource":"r72"}],"successors":[76]},{"start_lb":14667,"min_duration":120,"resources":[{"resource":"r73"}],"successors":[76]},{"start_lb":14667,"min_duration":120,"resources":[{"resource":"r74"}],"successors":[76]},{"start_lb":14787,"min_duration":0,"successors":[]}],[{"start_ub":0,"min_duration":0,"successors":[1]},{"start_lb":8727,"min_duration":142,"resources":[{"resource":"r42"}],"successors":[2,3]},{"start_lb":8877,"min_duration":906,"resources":[{"resource":"r40"}],"successors":[4]},{"start_lb":8877,"min_duration":906,"resources":[{"resource":"r41"}],"successors":[4]},{"start_lb":8937,"min_duration":200,"resources":[{"resource":"r39"}],"successors":[5,6,7]},{"start_lb":9147,"min_duration":30,"resources":[{"resource":"r36"}],"successors":[8]},{"start_lb":9147,"min_duration":30,"resources":[{"resource":"r37"}],"successors":[8]},{"start_lb":9147,"min_duration":30,"resources":[{"resource":"r38"}],"successors":[8]},{"start_lb":9177,"min_duration":142,"resources":[{"resource":"r35"}],"successors":[9]},{"start_lb":9327,"min_duration":30,"resources":[{"resource":"r34"}],"successors":[10]},{"start_lb":9357,"min_duration":51,"resources":[{"resource":"r33"}],"successors":[11]},{"start_lb":9411,"min_duration":0,"resources":[{"resource":"r32"}],"successors":[12]},{"start_lb":9411,"min_duration":148,"resources":[{"resource":"r31"}],"successors":[13,14]},{"start_lb":9567,"min_duration":30,"resources":[{"resource":"r29"}],"successors":[15]},{"start_lb":9567,"min_duration":30,"resources":[{"resource":"r30"}],"successors":[15]},{"start_lb":9597,"min_duration":142,"resources":[{"resource":"r28"}],"successors":[16,17,18,19]},{"start_lb":9747,"min_duration":30,"resources":[{"resource":"r24"}],"successors":[20]},{"start_lb":9747,"min_duration":30,"resources":[{"resource":"r25"}],"successors":[20]},{"start_lb":9747,"min_duration":30,"resources":[{"resource":"r26"}],"successors":[20]},{"start_lb":9747,"min_duration":30,"resources":[{"resource":"r27"}],"successors":[20]},{"start_lb":9777,"min_duration":57,"resources":[{"resource":"r88"}],"successors":[21,22]},{"start_lb":9837,"min_duration":60,"resources":[{"resource":"r21"}],"successors":[23]},{"start_lb":9837,"min_duration":60,"resources":[{"resource":"r22"}],"successors":[23]},{"start_lb":9897,"min_duration":256,"resources":[{"resource":"r89"}],"successors":[24,25]},{"start_lb":10167,"min_duration":30,"resources":[{"resource":"r18"}],"successors":[26]},{"start_lb":10167,"min_duration":30,"resources":[{"resource":"r19"}],"successors":[26]},{"start_lb":10197,"min_duration":142,"resources":[{"resource":"r90"}],"successors":[27,28]},{"start_lb":10347,"min_duration":30,"resources":[{"resource":"r15"}],"successors":[29]},{"start_lb":10347,"min_duration":30,"resources":[{"resource":"r16"}],"successors":[29]},{"start_lb":10377,"min_duration":48,"resources":[{"resource":"r91"}],"successors":[30,31]},{"start_lb":10427,"min_duration":0,"resources":[{"resource":"r12"}],"successors":[32]},{"start_lb":10427,"min_duration":0,"resources":[{"resource":"r13"}],"successors":[32]},{"start_lb":10427,"min_duration":95,"resources":[{"resource":"r92"}],"successors":[33,34]},{"start_lb":10527,"min_duration":30,"resources":[{"resource":"r9"}],"successors":[35]},{"start_lb":10527,"min_duration":30,"resources":[{"resource":"r10"}],"successors":[35]},{"start_lb":10557,"min_duration":142,"resources":[{"resource":"r93"}],"successors":[36,37]},{"start_lb":10707,"min_duration":30,"resources":[{"resource":"r6"}],"successors":[38]},{"start_lb":10707,"min_duration":30,"resources":[{"resource":"r7"}],"successors":[38]},{"start_lb":10737,"min_duration":114,"resources":[{"resource":"r94"}],"successors":[39,40,41,42,43]},{"start_lb":10857,"min_duration":120,"resources":[{"resource":"r0"}],"successors":[44]},{"start_lb":10857,"min_duration":120,"resources":[{"resource":"r1"}],"successors":[44]},{"start_lb":10857,"min_duration":120,"resources":[{"resource":"r2"}],"successors":[44]},{"start_lb":10857,"min_duration":120,"resources":[{"resource":"r3"}],"successors":[44]},{"start_lb":10857,"min_duration":120,"resources":[{"resource":"r4"}],"successors":[44]},{"start_lb":10977,"min_duration":0,"successors":[]}],[{"start_ub":0,"min_duration":0,"successors":[1]},{"start_lb":8937,"min_duration":157,"resources":[{"resource":"r42"}],"successors":[2]},{"start_lb":9102,"min_duration":0,"resources":[{"resource":"r43"}],"successors":[3]},{"start_lb":9102,"min_duration":157,"resources":[{"resource":"r44"}],"successors":[4,5,6]},{"start_lb":9267,"min_duration":30,"resources":[{"resource":"r45"}],"successors":[7]},{"start_lb":9267,"min_duration":30,"resources":[{"resource":"r46"}],"successors":[7]},{"start_lb":9267,"min_duration":30,"resources":[{"resource":"r47"}],"successors":[7]},{"start_lb":9297,"min_duration":180,"resources":[{"resource":"r48"}],"successors":[8,9,10]},{"start_lb":9487,"min_duration":50,"resources":[{"resource":"r49"}],"successors":[11]},{"start_lb":9487,"min_duration":50,"resources":[{"resource":"r50"}],"successors":[11]},{"start_lb":9487,"min_duration":50,"resources":[{"resource":"r51"}],"successors":[11]},{"start_lb":9537,"min_duration":228,"resources":[{"resource":"r52"}],"successors":[12,13]},{"start_lb":9777,"min_duration":120,"resources":[{"resource":"r53"}],"successors":[14]},{"start_lb":9777,"min_duration":120,"resources":[{"resource":"r54"}],"successors":[14]},{"start_lb":9897,"min_duration":200,"resources":[{"resource":"r55"}],"successors":[15,16]},{"start_lb":10107,"min_duration":30,"resources":[{"resource":"r56"}],"successors":[17]},{"start_lb":10107,"min_duration":30,"resources":[{"resource":"r57"}],"successors":[17]},{"start_lb":10137,"min_duration":142,"resources":[{"resource":"r58"}],"successors":[18,19]},{"start_lb":10287,"min_duration":30,"resources":[{"resource":"r59"}],"successors":[20]},{"start_lb":10287,"min_duration":30,"resources":[{"resource":"r60"}],"successors":[20]},{"start_lb":10317,"min_duration":142,"resources":[{"resource":"r61"}],"successors":[21]},{"start_lb":10467,"min_duration":30,"resources":[{"resource":"r62"}],"successors":[22]},{"start_lb":10497,"min_duration":86,"resources":[{"resource":"r63"}],"successors":[23]},{"start_lb":10587,"min_duration":0,"resources":[{"resource":"r64"}],"successors":[24]},{"start_lb":10587,"min_duration":171,"resources":[{"resource":"r65"}],"successors":[25,26]},{"start_lb":10767,"min_duration":30,"resources":[{"resource":"r66"}],"successors":[27]},{"start_lb":10767,"min_duration":30,"resources":[{"resource":"r67"}],"successors":[27]},{"start_lb":10797,"min_duration":146,"resources":[{"resource":"r68"}],"successors":[28]},{"start_lb":10951,"min_duration":0,"resources":[{"resource":"r69"}],"successors":[29]},{"start_lb":10951,"min_duration":196,"resources":[{"resource":"r70"}],"successors":[30,31,32,33]},{"start_lb":11157,"min_duration":120,"resources":[{"resource":"r71"}],"successors":[34]},{"start_lb":11157,"min_duration":120,"resources":[{"resource":"r72"}],"successors":[34]},{"start_lb":11157,"min_duration":120,"resources":[{"resource":"r73"}],"successors":[34]},{"start_lb":11157,"min_duration":120,"resources":[{"resource":"r74"}],"successors":[34]},{"start_lb":11277,"min_duration":0,"successors":[]}],[{"start_ub":0,"min_duration":0,"successors":[1,2,3,4]},{"start_lb":10677,"min_duration":0,"resources":[{"resource":"r24"}],"successors":[5]},{"start_lb":10677,"min_duration":0,"resources":[{"resource":"r25"}],"successors":[5]},{"start_lb":10677,"min_duration":0,"resources":[{"resource":"r26"}],"successors":[5]},{"start_lb":10677,"min_duration":0,"resources":[{"resource":"r27"}],"successors":[5]},{"start_lb":10677,"min_duration":57,"resources":[{"resource":"r88"}],"successors":[6,7]},{"start_lb":10737,"min_duration":60,"resources":[{"resource":"r21"}],"successors":[8]},{"start_lb":10737,"min_duration":60,"resources":[{"resource":"r22"}],"successors":[8]},{"start_lb":10797,"min_duration":256,"resources":[{"resource":"r89"}],"successors":[9,10]},{"start_lb":11067,"min_duration":30,"resources":[{"resource":"r18"}],"successors":[11]},{"start_lb":11067,"min_duration":30,"resources":[{"resource":"r19"}],"successors":[11]},{"start_lb":11097,"min_duration":142,"resources":[{"resource":"r90"}],"successors":[12,13]},{"start_lb":11247,"min_duration":30,"resources":[{"resource":"r15"}],"successors":[14]},{"start_lb":11247,"min_duration":30,"resources":[{"resource":"r16"}],"successors":[14]},{"start_lb":11277,"min_duration":48,"resources":[{"resource":"r91"}],"successors":[15,16]},{"start_lb":11327,"min_duration":0,"resources":[{"resource":"r12"}],"successors":[17]},{"start_lb":11327,"min_duration":0,"resources":[{"resource":"r13"}],"successors":[17]},{"start_lb":11327,"min_duration":95,"resources":[{"resource":"r92"}],"successors":[18,19]},{"start_lb":11427,"min_duration":30,"resources":[{"resource":"r9"}],"successors":[20]},{"start_lb":11427,"min_duration":30,"resources":[{"resource":"r10"}],"successors":[20]},{"start_lb":11457,"min_duration":142,"resources":[{"resource":"r93"}],"successors":[21,22]},{"start_lb":11607,"min_duration":30,"resources":[{"resource":"r6"}],"successors":[23]},{"start_lb":11607,"min_duration":30,"resources":[{"resource":"r7"}],"successors":[23]},{"start_lb":11637,"min_duration":114,"resources":[{"resource":"r94"}],"successors":[24,25,26,27,28]},{"start_lb":11757,"min_duration":120,"resources":[{"resource":"r0"}],"successors":[29]},{"start_lb":11757,"min_duration":120,"resources":[{"resource":"r1"}],"successors":[29]},{"start_lb":11757,"min_duration":120,"resources":[{"resource":"r2"}],"successors":[29]},{"start_lb":11757,"min_duration":120,"resources":[{"resource":"r3"}],"successors":[29]},{"start_lb":11757,"min_duration":120,"resources":[{"resource":"r4"}],"successors":[29]},{"start_lb":11877,"min_duration":0,"successors":[]}],[{"start_ub":0,"min_duration":0,"successors":[1]},{"start_lb":8817,"min_duration":142,"resources":[{"resource":"r8"}],"successors":[2,3]},{"start_lb":8967,"min_duration":824,"resources":[{"resource":"r9"}],"successors":[4]},{"start_lb":8967,"min_duration":824,"resources":[{"resource":"r10"}],"successors":[4]},{"start_lb":8997,"min_duration":95,"resources":[{"resource":"r11"}],"successors":[5,6]},{"start_lb":9097,"min_duration":0,"resources":[{"resource":"r12"}],"successors":[7]},{"start_lb":9097,"min_duration":0,"resources":[{"resource":"r13"}],"successors":[7]},{"start_lb":9097,"min_duration":48,"resources":[{"resource":"r14"}],"successors":[8,9]},{"start_lb":9147,"min_duration":30,"resources":[{"resource":"r15"}],"successors":[10]},{"start_lb":9147,"min_duration":30,"resources":[{"resource":"r16"}],"successors":[10]},{"start_lb":9177,"min_duration":142,"resources":[{"resource":"r17"}],"successors":[11,12]},{"start_lb":9327,"min_duration":30,"resources":[{"resource":"r18"}],"successors":[13]},{"start_lb":9327,"min_duration":30,"resources":[{"resource":"r19"}],"successors":[13]},{"start_lb":9357,"min_duration":228,"resources":[{"resource":"r20"}],"successors":[14,15]},{"start_lb":9597,"min_duration":60,"resources":[{"resource":"r21"}],"successors":[16]},{"start_lb":9597,"min_duration":60,"resources":[{"resource":"r22"}],"successors":[16]},{"start_lb":9657,"min_duration":86,"resources":[{"resource":"r23"}],"successors":[17,18,19,20]},{"start_lb":9747,"min_duration":30,"resources":[{"resource":"r24"}],"successors":[21]},{"start_lb":9747,"min_duration":30,"resources":[{"resource":"r25"}],"successors":[21]},{"start_lb":9747,"min_duration":30,"resources":[{"resource":"r26"}],"successors":[21]},{"start_lb":9747,"min_duration":30,"resources":[{"resource":"r27"}],"successors":[21]},{"start_lb":9777,"min_duration":142,"resources":[{"resource":"r28"}],"successors":[22,23]},{"start_lb":9927,"min_duration":30,"resources":[{"resource":"r29"}],"successors":[24]},{"start_lb":9927,"min_duration":30,"resources":[{"resource":"r30"}],"successors":[24]},{"start_lb":9957,"min_duration":144,"resources":[{"resource":"r31"}],"successors":[25]},{"start_lb":10109,"min_duration":0,"resources":[{"resource":"r32"}],"successors":[26]},{"start_lb":10109,"min_duration":55,"resources":[{"resource":"r33"}],"successors":[27]},{"start_lb":10167,"min_duration":30,"resources":[{"resource":"r34"}],"successors":[28]},{"start_lb":10197,"min_duration":142,"resources":[{"resource":"r35"}],"successors":[29,30,31]},{"start_lb":10347,"min_duration":30,"resources":[{"resource":"r36"}],"successors":[32]},{"start_lb":10347,"min_duration":30,"resources":[{"resource":"r37"}],"successors":[32]},{"start_lb":10347,"min_duration":30,"resources":[{"resource":"r38"}],"successors":[32]},{"start_lb":10377,"min_duration":200,"resources":[{"resource":"r39"}],"successors":[33,34]},{"start_lb":10587,"min_duration":150,"resources":[{"resource":"r40"}],"successors":[35]},{"start_lb":10587,"min_duration":150,"resources":[{"resource":"r41"}],"successors":[35]},{"start_lb":10737,"min_duration":157,"resources":[{"resource":"r42"}],"successors":[36]},{"start_lb":10902,"min_duration":0,"resources":[{"resource":"r43"}],"successors":[37]},{"start_lb":10902,"min_duration":157,"resources":[{"resource":"r44"}],"successors":[38,39,40]},{"start_lb":11067,"min_duration":30,"resources":[{"resource":"r45"}],"successors":[41]},{"start_lb":11067,"min_duration":30,"resources":[{"resource":"r46"}],"successors":[41]},{"start_lb":11067,"min_duration":30,"resources":[{"resource":"r47"}],"successors":[41]},{"start_lb":11097,"min_duration":200,"resources":[{"resource":"r48"}],"successors":[42,43,44]},{"start_lb":11307,"min_duration":30,"resources":[{"resource":"r49"}],"successors":[45]},{"start_lb":11307,"min_duration":30,"resources":[{"resource":"r50"}],"successors":[45]},{"start_lb":11307,"min_duration":30,"resources":[{"resource":"r51"}],"successors":[45]},{"start_lb":11337,"min_duration":228,"resources":[{"resource":"r52"}],"successors":[46,47]},{"start_lb":11577,"min_duration":120,"resources":[{"resource":"r53"}],"successors":[48]},{"start_lb":11577,"min_duration":120,"resources":[{"resource":"r54"}],"successors":[48]},{"start_lb":11697,"min_duration":200,"resources":[{"resource":"r55"}],"successors":[49,50]},{"start_lb":11907,"min_duration":30,"resources":[{"resource":"r56"}],"successors":[51]},{"start_lb":11907,"min_duration":30,"resources":[{"resource":"r57"}],"successors":[51]},{"start_lb":11937,"min_duration":142,"resources":[{"resource":"r58"}],"successors":[52,53]},{"start_lb":12087,"min_duration":30,"resources":[{"resource":"r59"}],"successors":[54]},{"start_lb":12087,"min_duration":30,"resources":[{"resource":"r60"}],"successors":[54]},{"start_lb":12117,"min_duration":142,"resources":[{"resource":"r61"}],"successors":[55]},{"start_lb":12267,"min_duration":30,"resources":[{"resource":"r62"}],"successors":[56]},{"start_lb":12297,"min_duration":86,"resources":[{"resource":"r63"}],"successors":[57]},{"start_lb":12387,"min_duration":0,"resources":[{"resource":"r64"}],"successors":[58]},{"start_lb":12387,"min_duration":171,"resources":[{"resource":"r65"}],"successors":[59,60]},{"start_lb":12567,"min_duration":30,"resources":[{"resource":"r66"}],"successors":[61]},{"start_lb":12567,"min_duration":30,"resources":[{"resource":"r67"}],"successors":[61]},{"start_lb":12597,"min_duration":146,"resources":[{"resource":"r68"}],"successors":[62]},{"start_lb":12751,"min_duration":0,"resources":[{"resource":"r69"}],"successors":[63]},{"start_lb":12751,"min_duration":196,"resources":[{"resource":"r70"}],"successors":[64,65,66,67]},{"start_lb":12957,"min_duration":120,"resources":[{"resource":"r71"}],"successors":[68]},{"start_lb":12957,"min_duration":120,"resources":[{"resource":"r72"}],"successors":[68]},{"start_lb":12957,"min_duration":120,"resources":[{"resource":"r73"}],"successors":[68]},{"start_lb":12957,"min_duration":120,"resources":[{"resource":"r74"}],"successors":[68]},{"start_lb":13077,"min_duration":0,"successors":[]}],[{"start_ub":0,"min_duration":0,"successors":[1,2,3,4]},{"start_lb":12477,"min_duration":0,"resources":[{"resource":"r24"}],"successors":[5]},{"start_lb":12477,"min_duration":0,"resources":[{"resource":"r25"}],"successors":[5]},{"start_lb":12477,"min_duration":0,"resources":[{"resource":"r26"}],"successors":[5]},{"start_lb":12477,"min_duration":0,"resources":[{"resource":"r27"}],"successors":[5]},{"start_lb":12477,"min_duration":57,"resources":[{"resource":"r88"}],"successors":[6,7]},{"start_lb":12537,"min_duration":60,"resources":[{"resource":"r21"}],"successors":[8]},{"start_lb":12537,"min_duration":60,"resources":[{"resource":"r22"}],"successors":[8]},{"start_lb":12597,"min_duration":256,"resources":[{"resource":"r89"}],"successors":[9,10]},{"start_lb":12867,"min_duration":30,"resources":[{"resource":"r18"}],"successors":[11]},{"start_lb":12867,"min_duration":30,"resources":[{"resource":"r19"}],"successors":[11]},{"start_lb":12897,"min_duration":142,"resources":[{"resource":"r90"}],"successors":[12,13]},{"start_lb":13047,"min_duration":30,"resources":[{"resource":"r15"}],"successors":[14]},{"start_lb":13047,"min_duration":30,"resources":[{"resource":"r16"}],"successors":[14]},{"start_lb":13077,"min_duration":48,"resources":[{"resource":"r91"}],"successors":[15,16]},{"start_lb":13127,"min_duration":0,"resources":[{"resource":"r12"}],"successors":[17]},{"start_lb":13127,"min_duration":0,"resources":[{"resource":"r13"}],"successors":[17]},{"start_lb":13127,"min_duration":95,"resources":[{"resource":"r92"}],"successors":[18,19]},{"start_lb":13227,"min_duration":30,"resources":[{"resource":"r9"}],"successors":[20]},{"start_lb":13227,"min_duration":30,"resources":[{"resource":"r10"}],"successors":[20]},{"start_lb":13257,"min_duration":142,"resources":[{"resource":"r93"}],"successors":[21,22]},{"start_lb":13407,"min_duration":30,"resources":[{"resource":"r6"}],"successors":[23]},{"start_lb":13407,"min_duration":30,"resources":[{"resource":"r7"}],"successors":[23]},{"start_lb":13437,"min_duration":114,"resources":[{"resource":"r94"}],"successors":[24,25,26,27,28]},{"start_lb":13557,"min_duration":120,"resources":[{"resource":"r0"}],"successors":[29]},{"start_lb":13557,"min_duration":120,"resources":[{"resource":"r1"}],"successors":[29]},{"start_lb":13557,"min_duration":120,"resources":[{"resource":"r2"}],"successors":[29]},{"start_lb":13557,"min_duration":120,"resources":[{"resource":"r3"}],"successors":[29]},{"start_lb":13557,"min_duration":120,"resources":[{"resource":"r4"}],"successors":[29]},{"start_lb":13677,"min_duration":0,"successors":[]}],[{"start_ub":0,"min_duration":0,"successors":[1,2,3,4]},{"start_lb":10317,"min_duration":0,"resources":[{"resource":"r71"}],"successors":[5]},{"start_lb":10317,"min_duration":0,"resources":[{"resource":"r72"}],"successors":[5]},{"start_lb":10317,"min_duration":0,"resources":[{"resource":"r73"}],"successors":[5]},{"start_lb":10317,"min_duration":0,"resources":[{"resource":"r74"}],"successors":[5]},{"start_lb":10317,"min_duration":196,"resources":[{"resource":"r70"}],"successors":[6]},{"start_lb":10523,"min_duration":0,"resources":[{"resource":"r69"}],"successors":[7]},{"start_lb":10523,"min_duration":146,"resources":[{"resource":"r68"}],"successors":[8,9]},{"start_lb":10677,"min_duration":120,"resources":[{"resource":"r66"}],"successors":[10]},{"start_lb":10677,"min_duration":120,"resources":[{"resource":"r67"}],"successors":[10]},{"start_lb":10797,"min_duration":171,"resources":[{"resource":"r65"}],"successors":[11]},{"start_lb":10977,"min_duration":0,"resources":[{"resource":"r64"}],"successors":[12]},{"start_lb":10977,"min_duration":86,"resources":[{"resource":"r63"}],"successors":[13]},{"start_lb":11067,"min_duration":30,"resources":[{"resource":"r62"}],"successors":[14]},{"start_lb":11097,"min_duration":142,"resources":[{"resource":"r61"}],"successors":[15,16]},{"start_lb":11247,"min_duration":30,"resources":[{"resource":"r59"}],"successors":[17]},{"start_lb":11247,"min_duration":30,"resources":[{"resource":"r60"}],"successors":[17]},{"start_lb":11277,"min_duration":142,"resources":[{"resource":"r58"}],"successors":[18,19]},{"start_lb":11427,"min_duration":30,"resources":[{"resource":"r56"}],"successors":[20]},{"start_lb":11427,"min_duration":30,"resources":[{"resource":"r57"}],"successors":[20]},{"start_lb":11457,"min_duration":200,"resources":[{"resource":"r55"}],"successors":[21,22]},{"start_lb":11667,"min_duration":30,"resources":[{"resource":"r53"}],"successors":[23]},{"start_lb":11667,"min_duration":30,"resources":[{"resource":"r54"}],"successors":[23]},{"start_lb":11697,"min_duration":200,"resources":[{"resource":"r52"}],"successors":[24,25,26]},{"start_lb":11907,"min_duration":30,"resources":[{"resource":"r49"}],"successors":[27]},{"start_lb":11907,"min_duration":30,"resources":[{"resource":"r50"}],"successors":[27]},{"start_lb":11907,"min_duration":30,"resources":[{"resource":"r51"}],"successors":[27]},{"start_lb":11937,"min_duration":200,"resources":[{"resource":"r48"}],"successors":[28,29,30]},{"start_lb":12147,"min_duration":30,"resources":[{"resource":"r45"}],"successors":[31]},{"start_lb":12147,"min_duration":30,"resources":[{"resource":"r46"}],"successors":[31]},{"start_lb":12147,"min_duration":30,"resources":[{"resource":"r47"}],"successors":[31]},{"start_lb":12177,"min_duration":142,"resources":[{"resource":"r44"}],"successors":[32]},{"start_lb":12327,"min_duration":0,"resources":[{"resource":"r43"}],"successors":[33]},{"start_lb":12327,"min_duration":142,"resources":[{"resource":"r42"}],"successors":[34,35]},{"start_lb":12477,"min_duration":60,"resources":[{"resource":"r40"}],"successors":[36]},{"start_lb":12477,"min_duration":60,"resources":[{"resource":"r41"}],"successors":[36]},{"start_lb":12537,"min_duration":200,"resources":[{"resource":"r39"}],"successors":[37,38,39]},{"start_lb":12747,"min_duration":30,"resources":[{"resource":"r36"}],"successors":[40]},{"start_lb":12747,"min_duration":30,"resources":[{"resource":"r37"}],"successors":[40]},{"start_lb":12747,"min_duration":30,"resources":[{"resource":"r38"}],"successors":[40]},{"start_lb":12777,"min_duration":142,"resources":[{"resource":"r35"}],"successors":[41]},{"start_lb":12927,"min_duration":30,"resources":[{"resource":"r34"}],"successors":[42]},{"start_lb":12957,"min_duration":51,"resources":[{"resource":"r33"}],"successors":[43]},{"start_lb":13011,"min_duration":0,"resources":[{"resource":"r32"}],"successors":[44]},{"start_lb":13011,"min_duration":148,"resources":[{"resource":"r31"}],"successors":[45,46]},{"start_lb":13167,"min_duration":30,"resources":[{"resource":"r29"}],"successors":[47]},{"start_lb":13167,"min_duration":30,"resources":[{"resource":"r30"}],"successors":[47]},{"start_lb":13197,"min_duration":142,"resources":[{"resource":"r28"}],"successors":[48,49,50,51]},{"start_lb":13347,"min_duration":30,"resources":[{"resource":"r24"}],"successors":[52]},{"start_lb":13347,"min_duration":30,"resources":[{"resource":"r25"}],"successors":[52]},{"start_lb":13347,"min_duration":30,"resources":[{"resource":"r26"}],"successors":[52]},{"start_lb":13347,"min_duration":30,"resources":[{"resource":"r27"}],"successors":[52]},{"start_lb":13377,"min_duration":57,"resources":[{"resource":"r88"}],"successors":[53,54]},{"start_lb":13437,"min_duration":60,"resources":[{"resource":"r21"}],"successors":[55]},{"start_lb":13437,"min_duration":60,"resources":[{"resource":"r22"}],"successors":[55]},{"start_lb":13497,"min_duration":256,"resources":[{"resource":"r89"}],"successors":[56,57]},{"start_lb":13767,"min_duration":30,"resources":[{"resource":"r18"}],"successors":[58]},{"start_lb":13767,"min_duration":30,"resources":[{"resource":"r19"}],"successors":[58]},{"start_lb":13797,"min_duration":142,"resources":[{"resource":"r90"}],"successors":[59,60]},{"start_lb":13947,"min_duration":30,"resources":[{"resource":"r15"}],"successors":[61]},{"start_lb":13947,"min_duration":30,"resources":[{"resource":"r16"}],"successors":[61]},{"start_lb":13977,"min_duration":48,"resources":[{"resource":"r91"}],"successors":[62,63]},{"start_lb":14027,"min_duration":0,"resources":[{"resource":"r12"}],"successors":[64]},{"start_lb":14027,"min_duration":0,"resources":[{"resource":"r13"}],"successors":[64]},{"start_lb":14027,"min_duration":95,"resources":[{"resource":"r92"}],"successors":[65,66]},{"start_lb":14127,"min_duration":30,"resources":[{"resource":"r9"}],"successors":[67]},{"start_lb":14127,"min_duration":30,"resources":[{"resource":"r10"}],"successors":[67]},{"start_lb":14157,"min_duration":142,"resources":[{"resource":"r93"}],"successors":[68,69]},{"start_lb":14307,"min_duration":30,"resources":[{"resource":"r6"}],"successors":[70]},{"start_lb":14307,"min_duration":30,"resources":[{"resource":"r7"}],"successors":[70]},{"start_lb":14337,"min_duration":114,"resources":[{"resource":"r94"}],"successors":[71,72,73,74,75]},{"start_lb":14457,"min_duration":120,"resources":[{"resource":"r0"}],"successors":[76]},{"start_lb":14457,"min_duration":120,"resources":[{"resource":"r1"}],"successors":[76]},{"start_lb":14457,"min_duration":120,"resources":[{"resource":"r2"}],"successors":[76]},{"start_lb":14457,"min_duration":120,"resources":[{"resource":"r3"}],"successors":[76]},{"start_lb":14457,"min_duration":120,"resources":[{"resource":"r4"}],"successors":[76]},{"start_lb":14577,"min_duration":0,"successors":[]}],[{"start_ub":0,"min_duration":0,"successors":[1,2,3,4]},{"start_lb":12117,"min_duration":0,"resources":[{"resource":"r71"}],"successors":[5]},{"start_lb":12117,"min_duration":0,"resources":[{"resource":"r72"}],"successors":[5]},{"start_lb":12117,"min_duration":0,"resources":[{"resource":"r73"}],"successors":[5]},{"start_lb":12117,"min_duration":0,"resources":[{"resource":"r74"}],"successors":[5]},{"start_lb":12117,"min_duration":196,"resources":[{"resource":"r70"}],"successors":[6]},{"start_lb":12323,"min_duration":0,"resources":[{"resource":"r69"}],"successors":[7]},{"start_lb":12323,"min_duration":146,"resources":[{"resource":"r68"}],"successors":[8,9]},{"start_lb":12477,"min_duration":120,"resources":[{"resource":"r66"}],"successors":[10]},{"start_lb":12477,"min_duration":120,"resources":[{"resource":"r67"}],"successors":[10]},{"start_lb":12597,"min_duration":133,"resources":[{"resource":"r65"}],"successors":[11]},{"start_lb":12737,"min_duration":0,"resources":[{"resource":"r64"}],"successors":[12]},{"start_lb":12737,"min_duration":66,"resources":[{"resource":"r63"}],"successors":[13]},{"start_lb":12807,"min_duration":30,"resources":[{"resource":"r62"}],"successors":[14]},{"start_lb":12837,"min_duration":142,"resources":[{"resource":"r61"}],"successors":[15,16]},{"start_lb":12987,"min_duration":30,"resources":[{"resource":"r59"}],"successors":[17]},{"start_lb":12987,"min_duration":30,"resources":[{"resource":"r60"}],"successors":[17]},{"start_lb":13017,"min_duration":142,"resources":[{"resource":"r58"}],"successors":[18,19]},{"start_lb":13167,"min_duration":30,"resources":[{"resource":"r56"}],"successors":[20]},{"start_lb":13167,"min_duration":30,"resources":[{"resource":"r57"}],"successors":[20]},{"start_lb":13197,"min_duration":200,"resources":[{"resource":"r55"}],"successors":[21,22]},{"start_lb":13407,"min_duration":30,"resources":[{"resource":"r53"}],"successors":[23]},{"start_lb":13407,"min_duration":30,"resources":[{"resource":"r54"}],"successors":[23]},{"start_lb":13437,"min_duration":256,"resources":[{"resource":"r52"}],"successors":[24,25,26]},{"start_lb":13707,"min_duration":30,"resources":[{"resource":"r49"}],"successors":[27]},{"start_lb":13707,"min_duration":30,"resources":[{"resource":"r50"}],"successors":[27]},{"start_lb":13707,"min_duration":30,"resources":[{"resource":"r51"}],"successors":[27]},{"start_lb":13737,"min_duration":200,"resources":[{"resource":"r48"}],"successors":[28,29,30]},{"start_lb":13947,"min_duration":30,"resources":[{"resource":"r45"}],"successors":[31]},{"start_lb":13947,"min_duration":30,"resources":[{"resource":"r46"}],"successors":[31]},{"start_lb":13947,"min_duration":30,"resources":[{"resource":"r47"}],"successors":[31]},{"start_lb":13977,"min_duration":142,"resources":[{"resource":"r44"}],"successors":[32]},{"start_lb":14127,"min_duration":0,"resources":[{"resource":"r43"}],"successors":[33]},{"start_lb":14127,"min_duration":142,"resources":[{"resource":"r42"}],"successors":[34,35]},{"start_lb":14277,"min_duration":60,"resources":[{"resource":"r40"}],"successors":[36]},{"start_lb":14277,"min_duration":60,"resources":[{"resource":"r41"}],"successors":[36]},{"start_lb":14337,"min_duration":200,"resources":[{"resource":"r39"}],"successors":[37,38,39]},{"start_lb":14547,"min_duration":30,"resources":[{"resource":"r36"}],"successors":[40]},{"start_lb":14547,"min_duration":30,"resources":[{"resource":"r37"}],"successors":[40]},{"start_lb":14547,"min_duration":30,"resources":[{"resource":"r38"}],"successors":[40]},{"start_lb":14577,"min_duration":86,"resources":[{"resource":"r35"}],"successors":[41]},{"start_lb":14667,"min_duration":30,"resources":[{"resource":"r34"}],"successors":[42]},{"start_lb":14697,"min_duration":58,"resources":[{"resource":"r33"}],"successors":[43]},{"start_lb":14758,"min_duration":0,"resources":[{"resource":"r32"}],"successors":[44]},{"start_lb":14758,"min_duration":142,"resources":[{"resource":"r31"}],"successors":[45,46]},{"start_lb":14907,"min_duration":59,"resources":[{"resource":"r29"}],"successors":[47]},{"start_lb":14907,"min_duration":59,"resources":[{"resource":"r30"}],"successors":[47]},{"start_lb":14966,"min_duration":172,"resources":[{"resource":"r28"}],"successors":[48,49,50,51]},{"start_lb":15147,"min_duration":30,"resources":[{"resource":"r24"}],"successors":[52]},{"start_lb":15147,"min_duration":30,"resources":[{"resource":"r25"}],"successors":[52]},{"start_lb":15147,"min_duration":30,"resources":[{"resource":"r26"}],"successors":[52]},{"start_lb":15147,"min_duration":30,"resources":[{"resource":"r27"}],"successors":[52]},{"start_lb":15177,"min_duration":57,"resources":[{"resource":"r88"}],"successors":[53,54]},{"start_lb":15237,"min_duration":60,"resources":[{"resource":"r21"}],"successors":[55]},{"start_lb":15237,"min_duration":60,"resources":[{"resource":"r22"}],"successors":[55]},{"start_lb":15297,"min_duration":256,"resources":[{"resource":"r89"}],"successors":[56,57]},{"start_lb":15567,"min_duration":30,"resources":[{"resource":"r18"}],"successors":[58]},{"start_lb":15567,"min_duration":30,"resources":[{"resource":"r19"}],"successors":[58]},{"start_lb":15597,"min_duration":142,"resources":[{"resource":"r90"}],"successors":[59,60]},{"start_lb":15747,"min_duration":30,"resources":[{"resource":"r15"}],"successors":[61]},{"start_lb":15747,"min_duration":30,"resources":[{"resource":"r16"}],"successors":[61]},{"start_lb":15777,"min_duration":48,"resources":[{"resource":"r91"}],"successors":[62,63]},{"start_lb":15827,"min_duration":0,"resources":[{"resource":"r12"}],"successors":[64]},{"start_lb":15827,"min_duration":0,"resources":[{"resource":"r13"}],"successors":[64]},{"start_lb":15827,"min_duration":95,"resources":[{"resource":"r92"}],"successors":[65,66]},{"start_lb":15927,"min_duration":30,"resources":[{"resource":"r9"}],"successors":[67]},{"start_lb":15927,"min_duration":30,"resources":[{"resource":"r10"}],"successors":[67]},{"start_lb":15957,"min_duration":142,"resources":[{"resource":"r93"}],"successors":[68,69]},{"start_lb":16107,"min_duration":30,"resources":[{"resource":"r6"}],"successors":[70]},{"start_lb":16107,"min_duration":30,"resources":[{"resource":"r7"}],"successors":[70]},{"start_lb":16137,"min_duration":114,"resources":[{"resource":"r94"}],"successors":[71,72,73,74,75]},{"start_lb":16257,"min_duration":120,"resources":[{"resource":"r0"}],"successors":[76]},{"start_lb":16257,"min_duration":120,"resources":[{"resource":"r1"}],"successors":[76]},{"start_lb":16257,"min_duration":120,"resources":[{"resource":"r2"}],"successors":[76]},{"start_lb":16257,"min_duration":120,"resources":[{"resource":"r3"}],"successors":[76]},{"start_lb":16257,"min_duration":120,"resources":[{"resource":"r4"}],"successors":[76]},{"start_lb":16377,"min_duration":0,"successors":[]}]],"objective":[{"type":"op_delay","train":0,"operation":70,"threshold":12777,"coeff":1},{"type":"op_delay","train":1,"operation":6,"threshold":8997,"coeff":1},{"type":"op_delay","train":2,"operation":10,"threshold":9177,"coeff":1},{"type":"op_delay","train":3,"operation":29,"threshold":10797,"coeff":1},{"type":"op_delay","train":4,"operation":76,"threshold":14787,"coeff":1},{"type":"op_delay","train":5,"operation":44,"threshold":10977,"coeff":1},{"type":"op_delay","train":6,"operation":34,"threshold":11277,"coeff":1},{"type":"op_delay","train":7,"operation":29,"threshold":11877,"coeff":1},{"type":"op_delay","train":8,"operation":68,"threshold":13077,"coeff":1},{"type":"op_delay","train":9,"operation":29,"threshold":13677,"coeff":1},{"type":"op_delay","train":10,"operation":76,"threshold":14577,"coeff":1},{"type":"op_delay","train":11,"operation":76,"threshold":16377,"coeff":1}]}