{"trains":[[{"start_ub":0,"min_duration":0,"successors":[1]},{"min_duration":54,"resources":[{"resource":"ZUE_T31-A","release_time":10},{"resource":"ZUE_T31-B","release_time":10}],"successors":[2]},{"start_lb":120,"min_duration":32,"resources":[{"resource":"ZUE_T42","release_time":10},{"resource":"ZUE_T62","release_time":10},{"resource":"ZUE_T72","release_time":10},{"resource":"ZUE_T82","release_time":10},{"resource":"ZUE-ZAU_101","release_time":30}],"successors":[3]},{"min_duration":8,"resources":[{"resource":"ZUE_T62","release_time":10},{"resource":"ZUE_T72","release_time":10},{"resource":"ZUE_T82","release_time":10},{"resource":"ZUE-ZAU_101","release_time":30},{"resource":"ZAU_11","release_time":10}],"successors":[4]},{"min_duration":14,"resources":[{"resource":"ZUE_T72","release_time":10},{"resource":"ZUE_T82","release_time":10},{"resource":"ZUE-ZAU_101","release_time":30},{"resource":"ZAU_11","release_time":10},{"resource":"ZAU_21","release_time":10},{"resource":"ZWIE_41","release_time":10}],"successors":[5]},{"min_duration":20,"resources":[{"resource":"ZAU_11","release_time":10},{"resource":"ZAU_21","release_time":10},{"resource":"ZWIE_41","release_time":10},{"resource":"ZWIE_1","release_time":10}],"successors":[6]},{"min_duration":20,"resources":[{"resource":"ZAU_21","release_time":10},{"resource":"ZWIE_41","release_time":10},{"resource":"ZWIE_1","release_time":10}],"successors":[7]},{"min_duration":11,"resources":[{"resource":"ZWIE_41","release_time":10},{"resource":"ZWIE_1","release_time":10}],"successors":[8]},{"min_duration":14,"resources":[{"resource":"ZWIE_1","release_time":10}],"successors":[9]},{"min_duration":34,"resources":[{"resource":"ZWIE_1","release_time":10}],"successors":[10]},{"start_lb":240,"min_duration":44,"resources":[{"resource":"ZWIE_71","release_time":10},{"resource":"ZEN_11","release_time":10},{"resource":"ZEN_1","release_time":10}],"successors":[11]},{"min_duration":20,"resources":[{"resource":"ZEN_11","release_time":10},{"resource":"ZEN_1","release_time":10}],"successors":[12]},{"min_duration":20,"resources":[{"resource":"ZEN_1","release_time":10}],"successors":[13]},{"min_duration":34,"resources":[{"resource":"ZEN_1","release_time":10}],"successors":[14]},{"start_lb":480,"min_duration":47,"resources":[{"resource":"ZEN_61","release_time":10},{"resource":"ZWOL_14","release_time":10},{"resource":"ZWOL_44","release_time":10},{"resource":"ZWOL_4","release_time":10}],"successors":[15]},{"min_duration":30,"resources":[{"resource":"ZWOL_14","release_time":10},{"resource":"ZWOL_44","release_time":10},{"resource":"ZWOL_4","release_time":10}],"successors":[16]},{"min_duration":18,"resources":[{"resource":"ZWOL_44","release_time":10},{"resource":"ZWOL_4","release_time":10}],"successors":[17]},{"min_duration":8,"resources":[{"resource":"ZWOL_4","release_time":10}],"successors":[18]},{"min_duration":34,"resources":[{"resource":"ZWOL_4","release_time":10}],"successors":[19]},{"start_lb":600,"min_duration":54,"resources":[{"resource":"ZWOL_74","release_time":10},{"resource":"ZWOL_84","release_time":10},{"resource":"ZWOL-KIL_105","release_time":30},{"resource":"ZWOL-KIL_106","release_time":30}],"successors":[20]},{"min_duration":12,"resources":[{"resource":"ZWOL_84","release_time":10},{"resource":"ZWOL-KIL_105","release_time":30},{"resource":"ZWOL-KIL_106","release_time":30}],"successors":[21]},{"min_duration":10,"resources":[{"resource":"ZWOL-KIL_105","release_time":30},{"resource":"ZWOL-KIL_106","release_time":30},{"resource":"KIL_11","release_time":10},{"resource":"KIL_1","release_time":10}],"successors":[22]},{"min_duration":33,"resources":[{"resource":"ZWOL-KIL_106","release_time":30},{"resource":"KIL_11","release_time":10},{"resource":"KIL_1","release_time":10}],"successors":[23]},{"min_duration":28,"resources":[{"resource":"KIL_11","release_time":10},{"resource":"KIL_1","release_time":10}],"successors":[24]},{"min_duration":25,"resources":[{"resource":"KIL_1","release_time":10}],"successors":[25]},{"min_duration":34,"resources":[{"resource":"KIL_1","release_time":10}],"successors":[26]},{"start_lb":720,"min_duration":45,"resources":[{"resource":"KIL_51","release_time":10},{"resource":"KIL_71","release_time":10},{"resource":"KIL-RUES_107","release_time":30},{"resource":"RUES_1","release_time":10}],"successors":[27]},{"min_duration":9,"resources":[{"resource":"KIL_71","release_time":10},{"resource":"KIL-RUES_107","release_time":30},{"resource":"RUES_1","release_time":10}],"successors":[28]},{"min_duration":13,"resources":[{"resource":"KIL-RUES_107","release_time":30},{"resource":"RUES_1","release_time":10}],"successors":[29]},{"min_duration":25,"resources":[{"resource":"RUES_1","release_time":10}],"successors":[30]},{"min_duration":34,"resources":[{"resource":"RUES_1","release_time":10}],"successors":[31,32]},{"start_lb":900,"min_duration":10,"resources":[{"resource":"RUES_61","release_time":10},{"resource":"RUES_71","release_time":10},{"resource":"TW_23","release_time":10},{"resource":"TW_33","release_time":10},{"resource":"TW_3","release_time":10}],"successors":[33]},{"start_lb":900,"min_duration":10,"resources":[{"resource":"RUES_61","release_time":10},{"resource":"RUES_71","release_time":10},{"resource":"TW_23","release_time":10},{"resource":"TW_33","release_time":10},{"resource":"TW_4","release_time":10}],"successors":[34]},{"min_duration":16,"resources":[{"resource":"RUES_71","release_time":10},{"resource":"TW_23","release_time":10},{"resource":"TW_33","release_time":10},{"resource":"TW_3","release_time":10}],"successors":[35]},{"min_duration":16,"resources":[{"resource":"RUES_71","release_time":10},{"resource":"TW_23","release_time":10},{"resource":"TW_33","release_time":10},{"resource":"TW_4","release_time":10}],"successors":[36]},{"min_duration":6,"resources":[{"resource":"TW_23","release_time":10},{"resource":"TW_33","release_time":10},{"resource":"TW_3","release_time":10}],"successors":[37]},{"min_duration":6,"resources":[{"resource":"TW_23","release_time":10},{"resource":"TW_33","release_time":10},{"resource":"TW_4","release_time":10}],"successors":[38]},{"min_duration":19,"resources":[{"resource":"TW_3","release_time":10}],"successors":[39]},{"min_duration":19,"resources":[{"resource":"TW_4","release_time":10}],"successors":[40]},{"min_duration":34,"resources":[{"resource":"TW_3","release_time":10}],"successors":[41]},{"min_duration":34,"resources":[{"resource":"TW_4","release_time":10}],"successors":[42]},{"start_lb":1140,"min_duration":52,"resources":[{"resource":"TW_63","release_time":10},{"resource":"TW_83","release_time":10},{"resource":"TW_93","release_time":10},{"resource":"TW-ORD_110","release_time":30}],"successors":[43]},{"start_lb":1140,"min_duration":52,"resources":[{"resource":"TW_63","release_time":10},{"resource":"TW_83","release_time":10},{"resource":"TW_93","release_time":10},{"resource":"TW-ORD_110","release_time":30}],"successors":[43]},{"min_duration":14,"resources":[{"resource":"TW_83","release_time":10},{"resource":"TW_93","release_time":10},{"resource":"TW-ORD_110","release_time":30},{"resource":"TW-ORD_111","release_time":30}],"successors":[44]},{"min_duration":8,"resources":[{"resource":"TW_93","release_time":10},{"resource":"TW-ORD_110","release_time":30},{"resource":"TW-ORD_111","release_time":30},{"resource":"ORD_2","release_time":10}],"successors":[45]},{"min_duration":19,"resources":[{"resource":"TW-ORD_110","release_time":30},{"resource":"TW-ORD_111","release_time":30},{"resource":"ORD_2","release_time":10}],"successors":[46]},{"min_duration":14,"resources":[{"resource":"TW-ORD_111","release_time":30},{"resource":"ORD_2","release_time":10}],"successors":[47]},{"min_duration":22,"resources":[{"resource":"ORD_2","release_time":10}],"successors":[48]},{"min_duration":34,"resources":[{"resource":"ORD_2","release_time":10}],"successors":[49]},{"start_lb":1260,"min_duration":45,"resources":[{"resource":"ORD-HG_113","release_time":30},{"resource":"HG_24","release_time":10},{"resource":"HG_4","release_time":10}],"successors":[50]},{"min_duration":52,"resources":[{"resource":"HG_24","release_time":10},{"resource":"HG_4","release_time":10}],"successors":[51]},{"min_duration":19,"resources":[{"resource":"HG_4","release_time":10}],"successors":[52]},{"min_duration":34,"resources":[{"resource":"HG_4","release_time":10}],"successors":[53]},{"start_lb":1440,"min_duration":0,"resources":[{"resource":"HG_94","release_time":10},{"resource":"HG-AU_118","release_time":30},{"resource":"HG-AU_119","release_time":30}],"successors":[54]},{"min_duration":14,"resources":[{"resource":"HG-AU_118","release_time":30},{"resource":"HG-AU_119","release_time":30},{"resource":"AU_24","release_time":10},{"resource":"AU_4","release_time":10}],"successors":[55]},{"min_duration":49,"resources":[{"resource":"HG-AU_119","release_time":30},{"resource":"AU_24","release_time":10},{"resource":"AU_4","release_time":10}],"successors":[56]},{"min_duration":38,"resources":[{"resource":"AU_24","release_time":10},{"resource":"AU_4","release_time":10}],"successors":[57]},{"min_duration":15,"resources":[{"resource":"AU_4","release_time":10}],"successors":[58]},{"min_duration":34,"resources":[{"resource":"AU_4","release_time":10}],"successors":[59]},{"start_lb":1620,"min_duration":5,"resources":[{"resource":"AU_54","release_time":10},{"resource":"AU-WAE_121","release_time":30},{"resource":"AU-WAE_122","release_time":30},{"resource":"AU-WAE_123","release_time":30}],"successors":[60]},{"min_duration":9,"resources":[{"resource":"AU-WAE_121","release_time":30},{"resource":"AU-WAE_122","release_time":30},{"resource":"AU-WAE_123","release_time":30},{"resource":"WAE_33","release_time":10},{"resource":"WAE_3","release_time":10}],"successors":[61]},{"min_duration":42,"resources":[{"resource":"AU-WAE_122","release_time":30},{"resource":"AU-WAE_123","release_time":30},{"resource":"WAE_33","release_time":10},{"resource":"WAE_3","release_time":10}],"successors":[62]},{"min_duration":35,"resources":[{"resource":"WAE_33","release_time":10},{"resource":"WAE_3","release_time":10}],"successors":[63]},{"min_duration":24,"resources":[{"resource":"WAE_3","release_time":10}],"successors":[64]},{"min_duration":34,"resources":[{"resource":"WAE_3","release_time":10}],"successors":[65]},{"start_lb":1920,"min_duration":54,"resources":[{"resource":"WAE_83","release_time":10},{"resource":"WAE_93","release_time":10},{"resource":"WAE-RI_125","release_time":30},{"resource":"WAE-RI_126","release_time":30}],"successors":[66]},{"min_duration":16,"resources":[{"resource":"WAE_93","release_time":10},{"resource":"WAE-RI_125","release_time":30},{"resource":"WAE-RI_126","release_time":30}],"successors":[67]},{"min_duration":14,"resources":[{"resource":"WAE-RI_125","release_time":30},{"resource":"WAE-RI_126","release_time":30},{"resource":"RI_2","release_time":10}],"successors":[68]},{"min_duration":37,"resources":[{"resource":"WAE-RI_126","release_time":30},{"resource":"RI_2","release_time":10}],"successors":[69]},{"min_duration":36,"resources":[{"resource":"RI_2","release_time":10}],"successors":[70]},{"min_duration":34,"resources":[{"resource":"RI_2","release_time":10}],"successors":[71]},{"start_lb":2100,"min_duration":6,"resources":[{"resource":"RI-HAF_128","release_time":30},{"resource":"HAF_81","release_time":30},{"resource":"BAE_1","release_time":30}],"successors":[72]},{"min_duration":33,"resources":[{"resource":"HAF_81","release_time":30},{"resource":"BAE_1","release_time":30}],"successors":[73]},{"min_duration":15,"resources":[{"resource":"BAE_1","release_time":30}],"successors":[74]},{"min_duration":34,"resources":[{"resource":"BAE_1","release_time":30}],"successors":[75]},{"start_lb":2220,"min_duration":13,"resources":[{"resource":"BAE-FRB_130","release_time":30},{"resource":"BAE-FRB_131","release_time":30},{"resource":"FRB_1","release_time":10}],"successors":[76]},{"min_duration":29,"resources":[{"resource":"BAE-FRB_131","release_time":30},{"resource":"FRB_1","release_time":10}],"successors":[77]},{"min_duration":34,"resources":[{"resource":"FRB_1","release_time":10}],"successors":[78]},{"start_lb":2340,"min_duration":23,"resources":[{"resource":"FRB-PF_132","release_time":30},{"resource":"FRB-PF_133","release_time":30},{"resource":"PF_25","release_time":10},{"resource":"PF_5-A","release_time":10},{"resource":"PF_5-B","release_time":10}],"successors":[79]},{"min_duration":39,"resources":[{"resource":"PF_25","release_time":10},{"resource":"PF_7-A","release_time":10},{"resource":"PF_7-B","release_time":10}],"successors":[80]},{"min_duration":39,"resources":[{"resource":"PF_7-A","release_time":10},{"resource":"PF_7-B","release_time":10}],"successors":[81]},{"min_duration":5,"resources":[{"resource":"PF_7-A","release_time":10},{"resource":"PF_7-B","release_time":10}],"successors":[82]},{"min_duration":0,"successors":[]}],[{"start_ub":0,"min_duration":0,"successors":[1]},{"start_lb":1800,"min_duration":54,"resources":[{"resource":"ZUE_T31-A","release_time":10},{"resource":"ZUE_T31-B","release_time":10}],"successors":[2]},{"start_lb":1920,"min_duration":32,"resources":[{"resource":"ZUE_T42","release_time":10},{"resource":"ZUE_T62","release_time":10},{"resource":"ZUE_T72","release_time":10},{"resource":"ZUE_T82","release_time":10},{"resource":"ZUE-ZAU_101","release_time":30}],"successors":[3]},{"min_duration":8,"resources":[{"resource":"ZUE_T62","release_time":10},{"resource":"ZUE_T72","release_time":10},{"resource":"ZUE_T82","release_time":10},{"resource":"ZUE-ZAU_101","release_time":30},{"resource":"ZAU_11","release_time":10}],"successors":[4]},{"min_duration":14,"resources":[{"resource":"ZUE_T72","release_time":10},{"resource":"ZUE_T82","release_time":10},{"resource":"ZUE-ZAU_101","release_time":30},{"resource":"ZAU_11","release_time":10},{"resource":"ZAU_21","release_time":10},{"resource":"ZWIE_41","release_time":10}],"successors":[5]},{"min_duration":20,"resources":[{"resource":"ZAU_11","release_time":10},{"resource":"ZAU_21","release_time":10},{"resource":"ZWIE_41","release_time":10},{"resource":"ZWIE_1","release_time":10}],"successors":[6]},{"min_duration":20,"resources":[{"resource":"ZAU_21","release_time":10},{"resource":"ZWIE_41","release_time":10},{"resource":"ZWIE_1","release_time":10}],"successors":[7]},{"min_duration":11,"resources":[{"resource":"ZWIE_41","release_time":10},{"resource":"ZWIE_1","release_time":10}],"successors":[8]},{"min_duration":14,"resources":[{"resource":"ZWIE_1","release_time":10}],"successors":[9]},{"min_duration":34,"resources":[{"resource":"ZWIE_1","release_time":10}],"successors":[10]},{"start_lb":2040,"min_duration":44,"resources":[{"resource":"ZWIE_71","release_time":10},{"resource":"ZEN_11","release_time":10},{"resource":"ZEN_1","release_time":10}],"successors":[11]},{"min_duration":20,"resources":[{"resource":"ZEN_11","release_time":10},{"resource":"ZEN_1","release_time":10}],"successors":[12]},{"min_duration":20,"resources":[{"resource":"ZEN_1","release_time":10}],"successors":[13]},{"min_duration":34,"resources":[{"resource":"ZEN_1","release_time":10}],"successors":[14]},{"start_lb":2280,"min_duration":47,"resources":[{"resource":"ZEN_61","release_time":10},{"resource":"ZWOL_14","release_time":10},{"resource":"ZWOL_44","release_time":10},{"resource":"ZWOL_4","release_time":10}],"successors":[15]},{"min_duration":30,"resources":[{"resource":"ZWOL_14","release_time":10},{"resource":"ZWOL_44","release_time":10},{"resource":"ZWOL_4","release_time":10}],"successors":[16]},{"min_duration":18,"resources":[{"resource":"ZWOL_44","release_time":10},{"resource":"ZWOL_4","release_time":10}],"successors":[17]},{"min_duration":8,"resources":[{"resource":"ZWOL_4","release_time":10}],"successors":[18]},{"min_duration":34,"resources":[{"resource":"ZWOL_4","release_time":10}],"successors":[19]},{"start_lb":2400,"min_duration":54,"resources":[{"resource":"ZWOL_74","release_time":10},{"resource":"ZWOL_84","release_time":10},{"resource":"ZWOL-KIL_105","release_time":30},{"resource":"ZWOL-KIL_106","release_time":30}],"successors":[20]},{"min_duration":12,"resources":[{"resource":"ZWOL_84","release_time":10},{"resource":"ZWOL-KIL_105","release_time":30},{"resource":"ZWOL-KIL_106","release_time":30}],"successors":[21]},{"min_duration":10,"resources":[{"resource":"ZWOL-KIL_105","release_time":30},{"resource":"ZWOL-KIL_106","release_time":30},{"resource":"KIL_11","release_time":10},{"resource":"KIL_1","release_time":10}],"successors":[22]},{"min_duration":33,"resources":[{"resource":"ZWOL-KIL_106","release_time":30},{"resource":"KIL_11","release_time":10},{"resource":"KIL_1","release_time":10}],"successors":[23]},{"min_duration":28,"resources":[{"resource":"KIL_11","release_time":10},{"resource":"KIL_1","release_time":10}],"successors":[24]},{"min_duration":25,"resources":[{"resource":"KIL_1","release_time":10}],"successors":[25]},{"min_duration":34,"resources":[{"resource":"KIL_1","release_time":10}],"successors":[26]},{"start_lb":2520,"min_duration":45,"resources":[{"resource":"KIL_51","release_time":10},{"resource":"KIL_71","release_time":10},{"resource":"KIL-RUES_107","release_time":30},{"resource":"RUES_1","release_time":10}],"successors":[27]},{"min_duration":9,"resources":[{"resource":"KIL_71","release_time":10},{"resource":"KIL-RUES_107","release_time":30},{"resource":"RUES_1","release_time":10}],"successors":[28]},{"min_duration":13,"resources":[{"resource":"KIL-RUES_107","release_time":30},{"resource":"RUES_1","release_time":10}],"successors":[29]},{"min_duration":25,"resources":[{"resource":"RUES_1","release_time":10}],"successors":[30]},{"min_duration":34,"resources":[{"resource":"RUES_1","release_time":10}],"successors":[31,32]},{"start_lb":2700,"min_duration":10,"resources":[{"resource":"RUES_61","release_time":10},{"resource":"RUES_71","release_time":10},{"resource":"TW_23","release_time":10},{"resource":"TW_33","release_time":10},{"resource":"TW_3","release_time":10}],"successors":[33]},{"start_lb":2700,"min_duration":10,"resources":[{"resource":"RUES_61","release_time":10},{"resource":"RUES_71","release_time":10},{"resource":"TW_23","release_time":10},{"resource":"TW_33","release_time":10},{"resource":"TW_4","release_time":10}],"successors":[34]},{"min_duration":16,"resources":[{"resource":"RUES_71","release_time":10},{"resource":"TW_23","release_time":10},{"resource":"TW_33","release_time":10},{"resource":"TW_3","release_time":10}],"successors":[35]},{"min_duration":16,"resources":[{"resource":"RUES_71","release_time":10},{"resource":"TW_23","release_time":10},{"resource":"TW_33","release_time":10},{"resource":"TW_4","release_time":10}],"successors":[36]},{"min_duration":6,"resources":[{"resource":"TW_23","release_time":10},{"resource":"TW_33","release_time":10},{"resource":"TW_3","release_time":10}],"successors":[37]},{"min_duration":6,"resources":[{"resource":"TW_23","release_time":10},{"resource":"TW_33","release_time":10},{"resource":"TW_4","release_time":10}],"successors":[38]},{"min_duration":19,"resources":[{"resource":"TW_3","release_time":10}],"successors":[39]},{"min_duration":19,"resources":[{"resource":"TW_4","release_time":10}],"successors":[40]},{"min_duration":34,"resources":[{"resource":"TW_3","release_time":10}],"successors":[41]},{"min_duration":34,"resources":[{"resource":"TW_4","release_time":10}],"successors":[42]},{"start_lb":2940,"min_duration":52,"resources":[{"resource":"TW_63","release_time":10},{"resource":"TW_83","release_time":10},{"resource":"TW_93","release_time":10},{"resource":"TW-ORD_110","release_time":30}],"successors":[43]},{"start_lb":2940,"min_duration":52,"resources":[{"resource":"TW_63","release_time":10},{"resource":"TW_83","release_time":10},{"resource":"TW_93","release_time":10},{"resource":"TW-ORD_110","release_time":30}],"successors":[43]},{"min_duration":14,"resources":[{"resource":"TW_83","release_time":10},{"resource":"TW_93","release_time":10},{"resource":"TW-ORD_110","release_time":30},{"resource":"TW-ORD_111","release_time":30}],"successors":[44]},{"min_duration":8,"resources":[{"resource":"TW_93","release_time":10},{"resource":"TW-ORD_110","release_time":30},{"resource":"TW-ORD_111","release_time":30},{"resource":"ORD_2","release_time":10}],"successors":[45]},{"min_duration":19,"resources":[{"resource":"TW-ORD_110","release_time":30},{"resource":"TW-ORD_111","release_time":30},{"resource":"ORD_2","release_time":10}],"successors":[46]},{"min_duration":14,"resources":[{"resource":"TW-ORD_111","release_time":30},{"resource":"ORD_2","release_time":10}],"successors":[47]},{"min_duration":22,"resources":[{"resource":"ORD_2","release_time":10}],"successors":[48]},{"min_duration":34,"resources":[{"resource":"ORD_2","release_time":10}],"successors":[49]},{"start_lb":3060,"min_duration":45,"resources":[{"resource":"ORD-HG_113","release_time":30},{"resource":"HG_24","release_time":10},{"resource":"HG_4","release_time":10}],"successors":[50]},{"min_duration":52,"resources":[{"resource":"HG_24","release_time":10},{"resource":"HG_4","release_time":10}],"successors":[51]},{"min_duration":19,"resources":[{"resource":"HG_4","release_time":10}],"successors":[52]},{"min_duration":34,"resources":[{"resource":"HG_4","release_time":10}],"successors":[53]},{"start_lb":3240,"min_duration":0,"resources":[{"resource":"HG_94","release_time":10},{"resource":"HG-AU_118","release_time":30},{"resource":"HG-AU_119","release_time":30}],"successors":[54]},{"min_duration":14,"resources":[{"resource":"HG-AU_118","release_time":30},{"resource":"HG-AU_119","release_time":30},{"resource":"AU_24","release_time":10},{"resource":"AU_4","release_time":10}],"successors":[55]},{"min_duration":49,"resources":[{"resource":"HG-AU_119","release_time":30},{"resource":"AU_24","release_time":10},{"resource":"AU_4","release_time":10}],"successors":[56]},{"min_duration":38,"resources":[{"resource":"AU_24","release_time":10},{"resource":"AU_4","release_time":10}],"successors":[57]},{"min_duration":15,"resources":[{"resource":"AU_4","release_time":10}],"successors":[58]},{"min_duration":34,"resources":[{"resource":"AU_4","release_time":10}],"successors":[59]},{"start_lb":3420,"min_duration":5,"resources":[{"resource":"AU_54","release_time":10},{"resource":"AU-WAE_121","release_time":30},{"resource":"AU-WAE_122","release_time":30},{"resource":"AU-WAE_123","release_time":30}],"successors":[60]},{"min_duration":9,"resources":[{"resource":"AU-WAE_121","release_time":30},{"resource":"AU-WAE_122","release_time":30},{"resource":"AU-WAE_123","release_time":30},{"resource":"WAE_33","release_time":10},{"resource":"WAE_3","release_time":10}],"successors":[61]},{"min_duration":42,"resources":[{"resource":"AU-WAE_122","release_time":30},{"resource":"AU-WAE_123","release_time":30},{"resource":"WAE_33","release_time":10},{"resource":"WAE_3","release_time":10}],"successors":[62]},{"min_duration":35,"resources":[{"resource":"WAE_33","release_time":10},{"resource":"WAE_3","release_time":10}],"successors":[63]},{"min_duration":24,"resources":[{"resource":"WAE_3","release_time":10}],"successors":[64]},{"min_duration":34,"resources":[{"resource":"WAE_3","release_time":10}],"successors":[65]},{"start_lb":3720,"min_duration":54,"resources":[{"resource":"WAE_83","release_time":10},{"resource":"WAE_93","release_time":10},{"resource":"WAE-RI_125","release_time":30},{"resource":"WAE-RI_126","release_time":30}],"successors":[66]},{"min_duration":16,"resources":[{"resource":"WAE_93","release_time":10},{"resource":"WAE-RI_125","release_time":30},{"resource":"WAE-RI_126","release_time":30}],"successors":[67]},{"min_duration":14,"resources":[{"resource":"WAE-RI_125","release_time":30},{"resource":"WAE-RI_126","release_time":30},{"resource":"RI_2","release_time":10}],"successors":[68]},{"min_duration":37,"resources":[{"resource":"WAE-RI_126","release_time":30},{"resource":"RI_2","release_time":10}],"successors":[69]},{"min_duration":36,"resources":[{"resource":"RI_2","release_time":10}],"successors":[70]},{"min_duration":34,"resources":[{"resource":"RI_2","release_time":10}],"successors":[71]},{"start_lb":3900,"min_duration":6,"resources":[{"resource":"RI-HAF_128","release_time":30},{"resource":"HAF_81","release_time":30},{"resource":"BAE_1","release_time":30}],"successors":[72]},{"min_duration":33,"resources":[{"resource":"HAF_81","release_time":30},{"resource":"BAE_1","release_time":30}],"successors":[73]},{"min_duration":15,"resources":[{"resource":"BAE_1","release_time":30}],"successors":[74]},{"min_duration":34,"resources":[{"resource":"BAE_1","release_time":30}],"successors":[75]},{"start_lb":4020,"min_duration":13,"resources":[{"resource":"BAE-FRB_130","release_time":30},{"resource":"BAE-FRB_131","release_time":30},{"resource":"FRB_1","release_time":10}],"successors":[76]},{"min_duration":29,"resources":[{"resource":"BAE-FRB_131","release_time":30},{"resource":"FRB_1","release_time":10}],"successors":[77]},{"min_duration":34,"resources":[{"resource":"FRB_1","release_time":10}],"successors":[78]},{"start_lb":4140,"min_duration":23,"resources":[{"resource":"FRB-PF_132","release_time":30},{"resource":"FRB-PF_133","release_time":30},{"resource":"PF_25","release_time":10},{"resource":"PF_5-A","release_time":10},{"resource":"PF_5-B","release_time":10}],"successors":[79]},{"min_duration":39,"resources":[{"resource":"PF_25","release_time":10},{"resource":"PF_7-A","release_time":10},{"resource":"PF_7-B","release_time":10}],"successors":[80]},{"min_duration":39,"resources":[{"resource":"PF_7-A","release_time":10},{"resource":"PF_7-B","release_time":10}],"successors":[81]},{"min_duration":5,"resources":[{"resource":"PF_7-A","release_time":10},{"resource":"PF_7-B","release_time":10}],"successors":[82]},{"min_duration":0,"successors":[]}],[{"start_ub":0,"min_duration":0,"successors":[1]},{"start_lb":780,"min_duration":54,"resources":[{"resource":"ZUE_A4-A","release_time":10},{"resource":"ZUE_A4-B","release_time":10}],"successors":[2]},{"start_lb":960,"min_duration":40,"resources":[{"resource":"ZUE_P52","release_time":10},{"resource":"ZUE_T62","release_time":10},{"resource":"ZUE_T72","release_time":10},{"resource":"ZUE_T82","release_time":10},{"resource":"ZUE-ZAU_101","release_time":30}],"successors":[3]},{"min_duration":32,"resources":[{"resource":"ZUE_T62","release_time":10},{"resource":"ZUE_T72","release_time":10},{"resource":"ZUE_T82","release_time":10},{"resource":"ZUE-ZAU_101","release_time":30},{"resource":"ZAU_11","release_time":10}],"successors":[4]},{"min_duration":17,"resources":[{"resource":"ZUE_T72","release_time":10},{"resource":"ZUE_T82","release_time":10},{"resource":"ZUE-ZAU_101","release_time":30},{"resource":"ZAU_11","release_time":10},{"resource":"ZAU_21","release_time":10},{"resource":"ZWIE_41","release_time":10}],"successors":[5]},{"min_duration":26,"resources":[{"resource":"ZAU_11","release_time":10},{"resource":"ZAU_21","release_time":10},{"resource":"ZWIE_41","release_time":10},{"resource":"ZWIE_1","release_time":10}],"successors":[6]},{"min_duration":20,"resources":[{"resource":"ZAU_21","release_time":10},{"resource":"ZWIE_41","release_time":10},{"resource":"ZWIE_1","release_time":10}],"successors":[7]},{"min_duration":11,"resources":[{"resource":"ZWIE_41","release_time":10},{"resource":"ZWIE_1","release_time":10}],"successors":[8]},{"min_duration":14,"resources":[{"resource":"ZWIE_1","release_time":10}],"successors":[9]},{"min_duration":34,"resources":[{"resource":"ZWIE_1","release_time":10}],"successors":[10]},{"start_lb":1140,"min_duration":45,"resources":[{"resource":"ZWIE_71","release_time":10},{"resource":"ZEN_11","release_time":10},{"resource":"ZEN_1","release_time":10}],"successors":[11]},{"min_duration":17,"resources":[{"resource":"ZEN_11","release_time":10},{"resource":"ZEN_1","release_time":10}],"successors":[12]},{"min_duration":21,"resources":[{"resource":"ZEN_1","release_time":10}],"successors":[13]},{"min_duration":34,"resources":[{"resource":"ZEN_1","release_time":10}],"successors":[14]},{"start_lb":1380,"min_duration":46,"resources":[{"resource":"ZEN_61","release_time":10},{"resource":"ZWOL_14","release_time":10},{"resource":"ZWOL_44","release_time":10},{"resource":"ZWOL_4","release_time":10}],"successors":[15]},{"min_duration":25,"resources":[{"resource":"ZWOL_14","release_time":10},{"resource":"ZWOL_44","release_time":10},{"resource":"ZWOL_4","release_time":10}],"successors":[16]},{"min_duration":17,"resources":[{"resource":"ZWOL_44","release_time":10},{"resource":"ZWOL_4","release_time":10}],"successors":[17]},{"min_duration":9,"resources":[{"resource":"ZWOL_4","release_time":10}],"successors":[18]},{"min_duration":34,"resources":[{"resource":"ZWOL_4","release_time":10}],"successors":[19]},{"start_lb":1500,"min_duration":54,"resources":[{"resource":"ZWOL_74","release_time":10},{"resource":"ZWOL_84","release_time":10},{"resource":"ZWOL-KIL_105","release_time":30},{"resource":"ZWOL-KIL_106","release_time":30}],"successors":[20]},{"min_duration":12,"resources":[{"resource":"ZWOL_84","release_time":10},{"resource":"ZWOL-KIL_105","release_time":30},{"resource":"ZWOL-KIL_106","release_time":30}],"successors":[21]},{"min_duration":10,"resources":[{"resource":"ZWOL-KIL_105","release_time":30},{"resource":"ZWOL-KIL_106","release_time":30},{"resource":"KIL_11","release_time":10},{"resource":"KIL_1","release_time":10}],"successors":[22]},{"min_duration":32,"resources":[{"resource":"ZWOL-KIL_106","release_time":30},{"resource":"KIL_11","release_time":10},{"resource":"KIL_1","release_time":10}],"successors":[23]},{"min_duration":28,"resources":[{"resource":"KIL_11","release_time":10},{"resource":"KIL_1","release_time":10}],"successors":[24]},{"min_duration":24,"resources":[{"resource":"KIL_1","release_time":10}],"successors":[25]},{"min_duration":34,"resources":[{"resource":"KIL_1","release_time":10}],"successors":[26]},{"start_lb":1620,"min_duration":46,"resources":[{"resource":"KIL_51","release_time":10},{"resource":"KIL_71","release_time":10},{"resource":"KIL-RUES_107","release_time":30},{"resource":"RUES_1","release_time":10}],"successors":[27]},{"min_duration":9,"resources":[{"resource":"KIL_71","release_time":10},{"resource":"KIL-RUES_107","release_time":30},{"resource":"RUES_1","release_time":10}],"successors":[28]},{"min_duration":11,"resources":[{"resource":"KIL-RUES_107","release_time":30},{"resource":"RUES_1","release_time":10}],"successors":[29]},{"min_duration":25,"resources":[{"resource":"RUES_1","release_time":10}],"successors":[30]},{"min_duration":34,"resources":[{"resource":"RUES_1","release_time":10}],"successors":[31]},{"start_lb":1800,"min_duration":9,"resources":[{"resource":"RUES_61","release_time":10},{"resource":"RUES_71","release_time":10},{"resource":"TW_23","release_time":10},{"resource":"TW_33","release_time":10},{"resource":"TW_4","release_time":10}],"successors":[32]},{"min_duration":17,"resources":[{"resource":"RUES_71","release_time":10},{"resource":"TW_23","release_time":10},{"resource":"TW_33","release_time":10},{"resource":"TW_4","release_time":10}],"successors":[33]},{"min_duration":7,"resources":[{"resource":"TW_23","release_time":10},{"resource":"TW_33","release_time":10},{"resource":"TW_4","release_time":10}],"successors":[34]},{"min_duration":21,"resources":[{"resource":"TW_4","release_time":10}],"successors":[35]},{"min_duration":34,"resources":[{"resource":"TW_4","release_time":10}],"successors":[36]},{"start_lb":2040,"min_duration":51,"resources":[{"resource":"TW_64","release_time":10},{"resource":"TW_84","release_time":10},{"resource":"TW-ORDD_311","release_time":30},{"resource":"TW-ORDD_312","release_time":30}],"successors":[37]},{"min_duration":15,"resources":[{"resource":"TW_84","release_time":10},{"resource":"TW-ORDD_311","release_time":30},{"resource":"TW-ORDD_312","release_time":30},{"resource":"ORDD_2","release_time":10},{"resource":"ORDD-HGO_314","release_time":30}],"successors":[38]},{"min_duration":38,"resources":[{"resource":"TW-ORDD_312","release_time":30},{"resource":"ORDD_2","release_time":10},{"resource":"ORDD-HGO_314","release_time":30}],"successors":[39]},{"min_duration":38,"resources":[{"resource":"ORDD_2","release_time":10},{"resource":"ORDD-HGO_314","release_time":30}],"successors":[40]},{"min_duration":34,"resources":[{"resource":"ORDD_2","release_time":10}],"successors":[41]},{"start_lb":2160,"min_duration":16,"resources":[{"resource":"ORDD-HGO_315","release_time":30},{"resource":"HGO_23","release_time":10},{"resource":"HGO_3","release_time":10},{"resource":"HGO_73","release_time":10}],"successors":[42]},{"min_duration":22,"resources":[{"resource":"HGO_23","release_time":10},{"resource":"HGO_3","release_time":10},{"resource":"HGO_73","release_time":10}],"successors":[43]},{"min_duration":21,"resources":[{"resource":"HGO_3","release_time":10},{"resource":"HGO_73","release_time":10}],"successors":[44]},{"min_duration":34,"resources":[{"resource":"HGO_3","release_time":10}],"successors":[45]},{"start_lb":2340,"min_duration":51,"resources":[{"resource":"HGO_73","release_time":10},{"resource":"HGO_94","release_time":10},{"resource":"HGO-SBG_416","release_time":30},{"resource":"HGO-SBG_417","release_time":30}],"successors":[46]},{"min_duration":9,"resources":[{"resource":"HGO_94","release_time":10},{"resource":"HGO-SBG_416","release_time":30},{"resource":"HGO-SBG_417","release_time":30},{"resource":"HGO-SBG_418","release_time":30}],"successors":[47,48]},{"min_duration":27,"resources":[{"resource":"HGO-SBG_417","release_time":30},{"resource":"HGO-SBG_418","release_time":30},{"resource":"SBG_14","release_time":10},{"resource":"SBG_34","release_time":10}],"successors":[49]},{"min_duration":27,"resources":[{"resource":"HGO-SBG_417","release_time":30},{"resource":"HGO-SBG_418","release_time":30},{"resource":"SBG_14","release_time":10},{"resource":"SBG_33","release_time":10}],"successors":[50]},{"min_duration":43,"resources":[{"resource":"HGO-SBG_418","release_time":30},{"resource":"SBG_14","release_time":10},{"resource":"SBG_34","release_time":10},{"resource":"SBG_4","release_time":10}],"successors":[51]},{"min_duration":43,"resources":[{"resource":"HGO-SBG_418","release_time":30},{"resource":"SBG_14","release_time":10},{"resource":"SBG_33","release_time":10},{"resource":"SBG_3","release_time":10}],"successors":[52]},{"min_duration":23,"resources":[{"resource":"SBG_14","release_time":10},{"resource":"SBG_34","release_time":10},{"resource":"SBG_4","release_time":10},{"resource":"SBG_94","release_time":10},{"resource":"SBG-LITT_420","release_time":30}],"successors":[53]},{"min_duration":23,"resources":[{"resource":"SBG_14","release_time":10},{"resource":"SBG_33","release_time":10},{"resource":"SBG_3","release_time":10}],"successors":[54]},{"min_duration":14,"resources":[{"resource":"SBG_34","release_time":10},{"resource":"SBG_4","release_time":10},{"resource":"SBG_94","release_time":10},{"resource":"SBG-LITT_420","release_time":30},{"resource":"SBG-LITT_421","release_time":30}],"successors":[55]},{"min_duration":14,"resources":[{"resource":"SBG_33","release_time":10},{"resource":"SBG_3","release_time":10}],"successors":[56]},{"min_duration":10,"resources":[{"resource":"SBG_4","release_time":10},{"resource":"SBG_94","release_time":10},{"resource":"SBG-LITT_420","release_time":30},{"resource":"SBG-LITT_421","release_time":30}],"successors":[57]},{"min_duration":1,"resources":[{"resource":"SBG_3","release_time":10}],"successors":[58]},{"min_duration":22,"resources":[{"resource":"SBG_94","release_time":10},{"resource":"SBG-LITT_420","release_time":30},{"resource":"SBG-LITT_421","release_time":30},{"resource":"SBG-LITT_422","release_time":30},{"resource":"SBG-LITT_424","release_time":30}],"successors":[59]},{"min_duration":22,"resources":[{"resource":"SBG_3","release_time":10},{"resource":"SBG_94","release_time":10},{"resource":"SBG-LITT_420","release_time":30},{"resource":"SBG-LITT_421","release_time":30},{"resource":"SBG-LITT_422","release_time":30},{"resource":"SBG-LITT_424","release_time":30}],"successors":[60]},{"min_duration":34,"resources":[{"resource":"SBG-LITT_421","release_time":30},{"resource":"SBG-LITT_422","release_time":30},{"resource":"SBG-LITT_424","release_time":30},{"resource":"LITT_11","release_time":10},{"resource":"LITT_2","release_time":10}],"successors":[61]},{"min_duration":22,"resources":[{"resource":"SBG_94","release_time":10},{"resource":"SBG-LITT_420","release_time":30},{"resource":"SBG-LITT_421","release_time":30},{"resource":"SBG-LITT_422","release_time":30},{"resource":"SBG-LITT_424","release_time":30}],"successors":[62]},{"min_duration":37,"resources":[{"resource":"SBG-LITT_422","release_time":30},{"resource":"SBG-LITT_424","release_time":30},{"resource":"LITT_11","release_time":10},{"resource":"LITT_2","release_time":10},{"resource":"LITT_62","release_time":10},{"resource":"LITT_92","release_time":10}],"successors":[64]},{"min_duration":34,"resources":[{"resource":"SBG-LITT_421","release_time":30},{"resource":"SBG-LITT_422","release_time":30},{"resource":"SBG-LITT_424","release_time":30},{"resource":"LITT_11","release_time":10},{"resource":"LITT_2","release_time":10}],"successors":[63]},{"min_duration":37,"resources":[{"resource":"SBG-LITT_422","release_time":30},{"resource":"SBG-LITT_424","release_time":30},{"resource":"LITT_11","release_time":10},{"resource":"LITT_2","release_time":10},{"resource":"LITT_62","release_time":10},{"resource":"LITT_92","release_time":10}],"successors":[64]},{"min_duration":36,"resources":[{"resource":"LITT_11","release_time":10},{"resource":"LITT_2","release_time":10},{"resource":"LITT_62","release_time":10},{"resource":"LITT_92","release_time":10},{"resource":"LITT-BAA_325","release_time":30}],"successors":[65]},{"min_duration":14,"resources":[{"resource":"LITT_2","release_time":10},{"resource":"LITT_62","release_time":10},{"resource":"LITT_92","release_time":10},{"resource":"LITT-BAA_325","release_time":30}],"successors":[66]},{"min_duration":31,"resources":[{"resource":"LITT_62","release_time":10},{"resource":"LITT_92","release_time":10},{"resource":"LITT-BAA_325","release_time":30},{"resource":"BAA_1","release_time":10}],"successors":[67]},{"min_duration":9,"resources":[{"resource":"LITT_92","release_time":10},{"resource":"LITT-BAA_325","release_time":30},{"resource":"BAA_1","release_time":10}],"successors":[68]},{"min_duration":18,"resources":[{"resource":"LITT-BAA_325","release_time":30},{"resource":"BAA_1","release_time":10}],"successors":[69]},{"min_duration":27,"resources":[{"resource":"BAA_1","release_time":10}],"successors":[70]},{"min_duration":34,"resources":[{"resource":"BAA_1","release_time":10}],"successors":[71]},{"start_lb":2760,"min_duration":4,"resources":[{"resource":"BAA_72","release_time":10},{"resource":"BAA_82","release_time":10},{"resource":"BAA_92","release_time":10},{"resource":"BAAN_1","release_time":10},{"resource":"BAA-ZG_328","release_time":30},{"resource":"BAAL_2","release_time":10}],"successors":[72]},{"min_duration":9,"resources":[{"resource":"BAA_82","release_time":10},{"resource":"BAA_92","release_time":10},{"resource":"BAAN_1","release_time":10},{"resource":"BAA-ZG_328","release_time":30},{"resource":"BAAL_2","release_time":10}],"successors":[73]},{"min_duration":16,"resources":[{"resource":"BAAN_1","release_time":10},{"resource":"BAA-ZG_328","release_time":30},{"resource":"BAAL_2","release_time":10},{"resource":"ZG_18","release_time":10},{"resource":"ZG_32","release_time":10},{"resource":"ZG_51","release_time":10},{"resource":"ZG_1","release_time":10}],"successors":[74]},{"min_duration":13,"resources":[{"resource":"BAA-ZG_328","release_time":30},{"resource":"BAAL_2","release_time":10},{"resource":"ZG_18","release_time":10},{"resource":"ZG_32","release_time":10},{"resource":"ZG_51","release_time":10},{"resource":"ZG_1","release_time":10}],"successors":[75]},{"min_duration":23,"resources":[{"resource":"ZG_18","release_time":10},{"resource":"ZG_32","release_time":10},{"resource":"ZG_51","release_time":10},{"resource":"ZG_1","release_time":10}],"successors":[76]},{"min_duration":13,"resources":[{"resource":"ZG_32","release_time":10},{"resource":"ZG_51","release_time":10},{"resource":"ZG_1","release_time":10}],"successors":[77]},{"min_duration":27,"resources":[{"resource":"ZG_1","release_time":10}],"successors":[78]},{"min_duration":15,"resources":[{"resource":"ZG_1","release_time":10}],"successors":[79]},{"min_duration":0,"successors":[]}],[{"start_ub":0,"min_duration":0,"successors":[1]},{"start_lb":2580,"min_duration":54,"resources":[{"resource":"ZUE_A4-A","release_time":10},{"resource":"ZUE_A4-B","release_time":10}],"successors":[2]},{"start_lb":2760,"min_duration":40,"resources":[{"resource":"ZUE_P52","release_time":10},{"resource":"ZUE_T62","release_time":10},{"resource":"ZUE_T72","release_time":10},{"resource":"ZUE_T82","release_time":10},{"resource":"ZUE-ZAU_101","release_time":30}],"successors":[3]},{"min_duration":32,"resources":[{"resource":"ZUE_T62","release_time":10},{"resource":"ZUE_T72","release_time":10},{"resource":"ZUE_T82","release_time":10},{"resource":"ZUE-ZAU_101","release_time":30},{"resource":"ZAU_11","release_time":10}],"successors":[4]},{"min_duration":17,"resources":[{"resource":"ZUE_T72","release_time":10},{"resource":"ZUE_T82","release_time":10},{"resource":"ZUE-ZAU_101","release_time":30},{"resource":"ZAU_11","release_time":10},{"resource":"ZAU_21","release_time":10},{"resource":"ZWIE_41","release_time":10}],"successors":[5]},{"min_duration":26,"resources":[{"resource":"ZAU_11","release_time":10},{"resource":"ZAU_21","release_time":10},{"resource":"ZWIE_41","release_time":10},{"resource":"ZWIE_1","release_time":10}],"successors":[6]},{"min_duration":20,"resources":[{"resource":"ZAU_21","release_time":10},{"resource":"ZWIE_41","release_time":10},{"resource":"ZWIE_1","release_time":10}],"successors":[7]},{"min_duration":11,"resources":[{"resource":"ZWIE_41","release_time":10},{"resource":"ZWIE_1","release_time":10}],"successors":[8]},{"min_duration":14,"resources":[{"resource":"ZWIE_1","release_time":10}],"successors":[9]},{"min_duration":34,"resources":[{"resource":"ZWIE_1","release_time":10}],"successors":[10]},{"start_lb":2940,"min_duration":45,"resources":[{"resource":"ZWIE_71","release_time":10},{"resource":"ZEN_11","release_time":10},{"resource":"ZEN_1","release_time":10}],"successors":[11]},{"min_duration":17,"resources":[{"resource":"ZEN_11","release_time":10},{"resource":"ZEN_1","release_time":10}],"successors":[12]},{"min_duration":21,"resources":[{"resource":"ZEN_1","release_time":10}],"successors":[13]},{"min_duration":34,"resources":[{"resource":"ZEN_1","release_time":10}],"successors":[14]},{"start_lb":3180,"min_duration":46,"resources":[{"resource":"ZEN_61","release_time":10},{"resource":"ZWOL_14","release_time":10},{"resource":"ZWOL_44","release_time":10},{"resource":"ZWOL_4","release_time":10}],"successors":[15]},{"min_duration":25,"resources":[{"resource":"ZWOL_14","release_time":10},{"resource":"ZWOL_44","release_time":10},{"resource":"ZWOL_4","release_time":10}],"successors":[16]},{"min_duration":17,"resources":[{"resource":"ZWOL_44","release_time":10},{"resource":"ZWOL_4","release_time":10}],"successors":[17]},{"min_duration":9,"resources":[{"resource":"ZWOL_4","release_time":10}],"successors":[18]},{"min_duration":34,"resources":[{"resource":"ZWOL_4","release_time":10}],"successors":[19]},{"start_lb":3300,"min_duration":54,"resources":[{"resource":"ZWOL_74","release_time":10},{"resource":"ZWOL_84","release_time":10},{"resource":"ZWOL-KIL_105","release_time":30},{"resource":"ZWOL-KIL_106","release_time":30}],"successors":[20]},{"min_duration":12,"resources":[{"resource":"ZWOL_84","release_time":10},{"resource":"ZWOL-KIL_105","release_time":30},{"resource":"ZWOL-KIL_106","release_time":30}],"successors":[21]},{"min_duration":10,"resources":[{"resource":"ZWOL-KIL_105","release_time":30},{"resource":"ZWOL-KIL_106","release_time":30},{"resource":"KIL_11","release_time":10},{"resource":"KIL_1","release_time":10}],"successors":[22]},{"min_duration":32,"resources":[{"resource":"ZWOL-KIL_106","release_time":30},{"resource":"KIL_11","release_time":10},{"resource":"KIL_1","release_time":10}],"successors":[23]},{"min_duration":28,"resources":[{"resource":"KIL_11","release_time":10},{"resource":"KIL_1","release_time":10}],"successors":[24]},{"min_duration":24,"resources":[{"resource":"KIL_1","release_time":10}],"successors":[25]},{"min_duration":34,"resources":[{"resource":"KIL_1","release_time":10}],"successors":[26]},{"start_lb":3420,"min_duration":46,"resources":[{"resource":"KIL_51","release_time":10},{"resource":"KIL_71","release_time":10},{"resource":"KIL-RUES_107","release_time":30},{"resource":"RUES_1","release_time":10}],"successors":[27]},{"min_duration":9,"resources":[{"resource":"KIL_71","release_time":10},{"resource":"KIL-RUES_107","release_time":30},{"resource":"RUES_1","release_time":10}],"successors":[28]},{"min_duration":11,"resources":[{"resource":"KIL-RUES_107","release_time":30},{"resource":"RUES_1","release_time":10}],"successors":[29]},{"min_duration":25,"resources":[{"resource":"RUES_1","release_time":10}],"successors":[30]},{"min_duration":34,"resources":[{"resource":"RUES_1","release_time":10}],"successors":[31]},{"start_lb":3600,"min_duration":9,"resources":[{"resource":"RUES_61","release_time":10},{"resource":"RUES_71","release_time":10},{"resource":"TW_23","release_time":10},{"resource":"TW_33","release_time":10},{"resource":"TW_4","release_time":10}],"successors":[32]},{"min_duration":17,"resources":[{"resource":"RUES_71","release_time":10},{"resource":"TW_23","release_time":10},{"resource":"TW_33","release_time":10},{"resource":"TW_4","release_time":10}],"successors":[33]},{"min_duration":7,"resources":[{"resource":"TW_23","release_time":10},{"resource":"TW_33","release_time":10},{"resource":"TW_4","release_time":10}],"successors":[34]},{"min_duration":21,"resources":[{"resource":"TW_4","release_time":10}],"successors":[35]},{"min_duration":34,"resources":[{"resource":"TW_4","release_time":10}],"successors":[36]},{"start_lb":3840,"min_duration":51,"resources":[{"resource":"TW_64","release_time":10},{"resource":"TW_84","release_time":10},{"resource":"TW-ORDD_311","release_time":30},{"resource":"TW-ORDD_312","release_time":30}],"successors":[37]},{"min_duration":15,"resources":[{"resource":"TW_84","release_time":10},{"resource":"TW-ORDD_311","release_time":30},{"resource":"TW-ORDD_312","release_time":30},{"resource":"ORDD_2","release_time":10},{"resource":"ORDD-HGO_314","release_time":30}],"successors":[38]},{"min_duration":38,"resources":[{"resource":"TW-ORDD_312","release_time":30},{"resource":"ORDD_2","release_time":10},{"resource":"ORDD-HGO_314","release_time":30}],"successors":[39]},{"min_duration":38,"resources":[{"resource":"ORDD_2","release_time":10},{"resource":"ORDD-HGO_314","release_time":30}],"successors":[40]},{"min_duration":10,"resources":[{"resource":"ORDD_2","release_time":10}],"successors":[41]},{"min_duration":16,"resources":[{"resource":"ORDD-HGO_315","release_time":30},{"resource":"HGO_23","release_time":10},{"resource":"HGO_3","release_time":10},{"resource":"HGO_73","release_time":10}],"successors":[42]},{"min_duration":22,"resources":[{"resource":"HGO_23","release_time":10},{"resource":"HGO_3","release_time":10},{"resource":"HGO_73","release_time":10}],"successors":[43]},{"min_duration":21,"resources":[{"resource":"HGO_3","release_time":10},{"resource":"HGO_73","release_time":10}],"successors":[44]},{"min_duration":10,"resources":[{"resource":"HGO_3","release_time":10}],"successors":[45]},{"min_duration":51,"resources":[{"resource":"HGO_73","release_time":10},{"resource":"HGO_94","release_time":10},{"resource":"HGO-SBG_416","release_time":30},{"resource":"HGO-SBG_417","release_time":30}],"successors":[46]},{"min_duration":9,"resources":[{"resource":"HGO_94","release_time":10},{"resource":"HGO-SBG_416","release_time":30},{"resource":"HGO-SBG_417","release_time":30},{"resource":"HGO-SBG_418","release_time":30}],"successors":[47,48]},{"min_duration":27,"resources":[{"resource":"HGO-SBG_417","release_time":30},{"resource":"HGO-SBG_418","release_time":30},{"resource":"SBG_14","release_time":10},{"resource":"SBG_34","release_time":10}],"successors":[49]},{"min_duration":27,"resources":[{"resource":"HGO-SBG_417","release_time":30},{"resource":"HGO-SBG_418","release_time":30},{"resource":"SBG_14","release_time":10},{"resource":"SBG_33","release_time":10}],"successors":[50]},{"min_duration":43,"resources":[{"resource":"HGO-SBG_418","release_time":30},{"resource":"SBG_14","release_time":10},{"resource":"SBG_34","release_time":10},{"resource":"SBG_4","release_time":10}],"successors":[51]},{"min_duration":43,"resources":[{"resource":"HGO-SBG_418","release_time":30},{"resource":"SBG_14","release_time":10},{"resource":"SBG_33","release_time":10},{"resource":"SBG_3","release_time":10}],"successors":[52]},{"min_duration":23,"resources":[{"resource":"SBG_14","release_time":10},{"resource":"SBG_34","release_time":10},{"resource":"SBG_4","release_time":10},{"resource":"SBG_94","release_time":10},{"resource":"SBG-LITT_420","release_time":30}],"successors":[53]},{"min_duration":23,"resources":[{"resource":"SBG_14","release_time":10},{"resource":"SBG_33","release_time":10},{"resource":"SBG_3","release_time":10}],"successors":[54]},{"min_duration":14,"resources":[{"resource":"SBG_34","release_time":10},{"resource":"SBG_4","release_time":10},{"resource":"SBG_94","release_time":10},{"resource":"SBG-LITT_420","release_time":30},{"resource":"SBG-LITT_421","release_time":30}],"successors":[55]},{"min_duration":14,"resources":[{"resource":"SBG_33","release_time":10},{"resource":"SBG_3","release_time":10}],"successors":[56]},{"min_duration":10,"resources":[{"resource":"SBG_4","release_time":10},{"resource":"SBG_94","release_time":10},{"resource":"SBG-LITT_420","release_time":30},{"resource":"SBG-LITT_421","release_time":30}],"successors":[57]},{"min_duration":1,"resources":[{"resource":"SBG_3","release_time":10}],"successors":[58]},{"min_duration":22,"resources":[{"resource":"SBG_94","release_time":10},{"resource":"SBG-LITT_420","release_time":30},{"resource":"SBG-LITT_421","release_time":30},{"resource":"SBG-LITT_422","release_time":30},{"resource":"SBG-LITT_424","release_time":30}],"successors":[59]},{"min_duration":22,"resources":[{"resource":"SBG_3","release_time":10},{"resource":"SBG_94","release_time":10},{"resource":"SBG-LITT_420","release_time":30},{"resource":"SBG-LITT_421","release_time":30},{"resource":"SBG-LITT_422","release_time":30},{"resource":"SBG-LITT_424","release_time":30}],"successors":[60]},{"min_duration":34,"resources":[{"resource":"SBG-LITT_421","release_time":30},{"resource":"SBG-LITT_422","release_time":30},{"resource":"SBG-LITT_424","release_time":30},{"resource":"LITT_11","release_time":10},{"resource":"LITT_2","release_time":10}],"successors":[61]},{"min_duration":22,"resources":[{"resource":"SBG_94","release_time":10},{"resource":"SBG-LITT_420","release_time":30},{"resource":"SBG-LITT_421","release_time":30},{"resource":"SBG-LITT_422","release_time":30},{"resource":"SBG-LITT_424","release_time":30}],"successors":[62]},{"min_duration":37,"resources":[{"resource":"SBG-LITT_422","release_time":30},{"resource":"SBG-LITT_424","release_time":30},{"resource":"LITT_11","release_time":10},{"resource":"LITT_2","release_time":10},{"resource":"LITT_62","release_time":10},{"resource":"LITT_92","release_time":10}],"successors":[64]},{"min_duration":34,"resources":[{"resource":"SBG-LITT_421","release_time":30},{"resource":"SBG-LITT_422","release_time":30},{"resource":"SBG-LITT_424","release_time":30},{"resource":"LITT_11","release_time":10},{"resource":"LITT_2","release_time":10}],"successors":[63]},{"min_duration":37,"resources":[{"resource":"SBG-LITT_422","release_time":30},{"resource":"SBG-LITT_424","release_time":30},{"resource":"LITT_11","release_time":10},{"resource":"LITT_2","release_time":10},{"resource":"LITT_62","release_time":10},{"resource":"LITT_92","release_time":10}],"successors":[64]},{"min_duration":36,"resources":[{"resource":"LITT_11","release_time":10},{"resource":"LITT_2","release_time":10},{"resource":"LITT_62","release_time":10},{"resource":"LITT_92","release_time":10},{"resource":"LITT-BAA_325","release_time":30}],"successors":[65]},{"min_duration":14,"resources":[{"resource":"LITT_2","release_time":10},{"resource":"LITT_62","release_time":10},{"resource":"LITT_92","release_time":10},{"resource":"LITT-BAA_325","release_time":30}],"successors":[66]},{"min_duration":31,"resources":[{"resource":"LITT_62","release_time":10},{"resource":"LITT_92","release_time":10},{"resource":"LITT-BAA_325","release_time":30},{"resource":"BAA_1","release_time":10}],"successors":[67]},{"min_duration":9,"resources":[{"resource":"LITT_92","release_time":10},{"resource":"LITT-BAA_325","release_time":30},{"resource":"BAA_1","release_time":10}],"successors":[68]},{"min_duration":18,"resources":[{"resource":"LITT-BAA_325","release_time":30},{"resource":"BAA_1","release_time":10}],"successors":[69]},{"min_duration":27,"resources":[{"resource":"BAA_1","release_time":10}],"successors":[70]},{"min_duration":10,"resources":[{"resource":"BAA_1","release_time":10}],"successors":[71]},{"min_duration":4,"resources":[{"resource":"BAA_72","release_time":10},{"resource":"BAA_82","release_time":10},{"resource":"BAA_92","release_time":10},{"resource":"BAAN_1","release_time":10},{"resource":"BAA-ZG_328","release_time":30},{"resource":"BAAL_2","release_time":10}],"successors":[72]},{"min_duration":9,"resources":[{"resource":"BAA_82","release_time":10},{"resource":"BAA_92","release_time":10},{"resource":"BAAN_1","release_time":10},{"resource":"BAA-ZG_328","release_time":30},{"resource":"BAAL_2","release_time":10}],"successors":[73]},{"min_duration":16,"resources":[{"resource":"BAAN_1","release_time":10},{"resource":"BAA-ZG_328","release_time":30},{"resource":"BAAL_2","release_time":10},{"resource":"ZG_18","release_time":10},{"resource":"ZG_32","release_time":10},{"resource":"ZG_51","release_time":10},{"resource":"ZG_1","release_time":10}],"successors":[74]},{"min_duration":13,"resources":[{"resource":"BAA-ZG_328","release_time":30},{"resource":"BAAL_2","release_time":10},{"resource":"ZG_18","release_time":10},{"resource":"ZG_32","release_time":10},{"resource":"ZG_51","release_time":10},{"resource":"ZG_1","release_time":10}],"successors":[75]},{"min_duration":23,"resources":[{"resource":"ZG_18","release_time":10},{"resource":"ZG_32","release_time":10},{"resource":"ZG_51","release_time":10},{"resource":"ZG_1","release_time":10}],"successors":[76]},{"min_duration":13,"resources":[{"resource":"ZG_32","release_time":10},{"resource":"ZG_51","release_time":10},{"resource":"ZG_1","release_time":10}],"successors":[77]},{"min_duration":27,"resources":[{"resource":"ZG_1","release_time":10}],"successors":[78]},{"min_duration":15,"resources":[{"resource":"ZG_1","release_time":10}],"successors":[79]},{"min_duration":0,"successors":[]}]],"objective":[{"type":"op_delay","train":0,"operation":32,"threshold":0,"increment":6},{"type":"op_delay","train":0,"operation":64,"threshold":1980,"coeff":1},{"type":"op_delay","train":0,"operation":81,"threshold":2580,"coeff":1},{"type":"op_delay","train":1,"operation":32,"threshold":0,"increment":6},{"type":"op_delay","train":1,"operation":64,"threshold":3780,"coeff":1},{"type":"op_delay","train":1,"operation":81,"threshold":4380,"coeff":1},{"type":"op_delay","train":2,"operation":35,"threshold":2040,"coeff":1},{"type":"op_delay","train":2,"operation":48,"threshold":0,"increment":6},{"type":"op_delay","train":2,"operation":78,"threshold":3000,"coeff":1},{"type":"op_delay","train":3,"operation":48,"threshold":0,"increment":6},{"type":"op_delay","train":3,"operation":78,"threshold":4800,"coeff":1}]}